"","seaotter","dist4","n","freq","interval","width","height","scale"
"1","209",0,2,0.111111111111111,1,1,0.111111111111111,1.64791086137983
"2","209",1,4,0.222222222222222,1,2,0.222222222222222,1.64791086137983
"3","209",2,0,0,NA,NA,0.166666666666667,1.64791086137983
"4","209",3,6,0.333333333333333,2,2,0.166666666666667,1.64791086137983
"5","209",4,0,0,NA,NA,0.0555555555555556,1.64791086137983
"6","209",5,2,0.111111111111111,2,5,0.0555555555555556,1.64791086137983
"7","209",6,0,0,NA,NA,0.0111111111111111,1.64791086137983
"8","209",7,0,0,NA,NA,0.0111111111111111,1.64791086137983
"9","209",8,0,0,NA,NA,0.0111111111111111,1.64791086137983
"10","209",9,0,0,NA,NA,0.0111111111111111,1.64791086137983
"11","209",10,1,0.0555555555555556,5,8,0.0111111111111111,1.64791086137983
"12","209",11,0,0,NA,NA,0.00694444444444444,1.64791086137983
"13","209",12,0,0,NA,NA,0.00694444444444444,1.64791086137983
"14","209",13,0,0,NA,NA,0.00694444444444444,1.64791086137983
"15","209",14,0,0,NA,NA,0.00694444444444444,1.64791086137983
"16","209",15,0,0,NA,NA,0.00694444444444444,1.64791086137983
"17","209",16,0,0,NA,NA,0.00694444444444444,1.64791086137983
"18","209",17,0,0,NA,NA,0.00694444444444444,1.64791086137983
"19","209",18,1,0.0555555555555556,8,2,0.00694444444444444,1.64791086137983
"20","209",19,0,0,NA,NA,0.0277777777777778,1.64791086137983
"21","209",20,1,0.0555555555555556,2,1,0.0277777777777778,1.64791086137983
"22","209",21,1,0.0555555555555556,1,1,0.0555555555555556,1.64791086137983
"23","209",22,0,0,NA,NA,0,1.64791086137983
"24","209",23,0,0,NA,NA,0,1.64791086137983
"25","209",24,0,0,NA,NA,0,1.64791086137983
"26","209",25,0,0,NA,NA,0,1.64791086137983
"27","209",26,0,0,NA,NA,0,1.64791086137983
"28","209",27,0,0,NA,NA,0,1.64791086137983
"29","209",28,0,0,NA,NA,0,1.64791086137983
"30","209",29,0,0,NA,NA,0,1.64791086137983
"31","209",30,0,0,NA,NA,0,1.64791086137983
"32","209",31,0,0,NA,NA,0,1.64791086137983
"33","209",32,0,0,NA,NA,0,1.64791086137983
"34","209",33,0,0,NA,NA,0,1.64791086137983
"35","209",34,0,0,NA,NA,0,1.64791086137983
"36","209",35,0,0,NA,NA,0,1.64791086137983
"37","209",36,0,0,NA,NA,0,1.64791086137983
"38","209",37,0,0,NA,NA,0,1.64791086137983
"39","209",38,0,0,NA,NA,0,1.64791086137983
"40","209",39,0,0,NA,NA,0,1.64791086137983
"41","209",40,0,0,NA,NA,0,1.64791086137983
"42","217",0,2,0.117647058823529,1,1,0.117647058823529,1.20620037883309
"43","217",1,5,0.294117647058824,1,1,0.294117647058824,1.20620037883309
"44","217",2,2,0.117647058823529,1,1,0.117647058823529,1.20620037883309
"45","217",3,4,0.235294117647059,1,1,0.235294117647059,1.20620037883309
"46","217",4,2,0.117647058823529,1,14,0.117647058823529,1.20620037883309
"47","217",5,0,0,NA,NA,0.00420168067226891,1.20620037883309
"48","217",6,0,0,NA,NA,0.00420168067226891,1.20620037883309
"49","217",7,0,0,NA,NA,0.00420168067226891,1.20620037883309
"50","217",8,0,0,NA,NA,0.00420168067226891,1.20620037883309
"51","217",9,0,0,NA,NA,0.00420168067226891,1.20620037883309
"52","217",10,0,0,NA,NA,0.00420168067226891,1.20620037883309
"53","217",11,0,0,NA,NA,0.00420168067226891,1.20620037883309
"54","217",12,0,0,NA,NA,0.00420168067226891,1.20620037883309
"55","217",13,0,0,NA,NA,0.00420168067226891,1.20620037883309
"56","217",14,0,0,NA,NA,0.00420168067226891,1.20620037883309
"57","217",15,0,0,NA,NA,0.00420168067226891,1.20620037883309
"58","217",16,0,0,NA,NA,0.00420168067226891,1.20620037883309
"59","217",17,0,0,NA,NA,0.00420168067226891,1.20620037883309
"60","217",18,1,0.0588235294117647,14,2,0.00420168067226891,1.20620037883309
"61","217",19,0,0,NA,NA,0.0294117647058824,1.20620037883309
"62","217",20,1,0.0588235294117647,2,1,0.0294117647058824,1.20620037883309
"63","217",21,0,0,NA,NA,0,1.20620037883309
"64","217",22,0,0,NA,NA,0,1.20620037883309
"65","217",23,0,0,NA,NA,0,1.20620037883309
"66","217",24,0,0,NA,NA,0,1.20620037883309
"67","217",25,0,0,NA,NA,0,1.20620037883309
"68","217",26,0,0,NA,NA,0,1.20620037883309
"69","217",27,0,0,NA,NA,0,1.20620037883309
"70","217",28,0,0,NA,NA,0,1.20620037883309
"71","217",29,0,0,NA,NA,0,1.20620037883309
"72","217",30,0,0,NA,NA,0,1.20620037883309
"73","217",31,0,0,NA,NA,0,1.20620037883309
"74","217",32,0,0,NA,NA,0,1.20620037883309
"75","217",33,0,0,NA,NA,0,1.20620037883309
"76","217",34,0,0,NA,NA,0,1.20620037883309
"77","217",35,0,0,NA,NA,0,1.20620037883309
"78","217",36,0,0,NA,NA,0,1.20620037883309
"79","217",37,0,0,NA,NA,0,1.20620037883309
"80","217",38,0,0,NA,NA,0,1.20620037883309
"81","217",39,0,0,NA,NA,0,1.20620037883309
"82","217",40,0,0,NA,NA,0,1.20620037883309
"83","225",0,1,0.0625,1,2,0.0625,6.0082119144665
"84","225",1,0,0,NA,NA,0.0625,6.0082119144665
"85","225",2,2,0.125,2,1,0.0625,6.0082119144665
"86","225",3,2,0.125,1,3,0.125,6.0082119144665
"87","225",4,0,0,NA,NA,0.0208333333333333,6.0082119144665
"88","225",5,0,0,NA,NA,0.0208333333333333,6.0082119144665
"89","225",6,1,0.0625,3,2,0.0208333333333333,6.0082119144665
"90","225",7,0,0,NA,NA,0.0625,6.0082119144665
"91","225",8,2,0.125,2,1,0.0625,6.0082119144665
"92","225",9,1,0.0625,1,6,0.0625,6.0082119144665
"93","225",10,0,0,NA,NA,0.0208333333333333,6.0082119144665
"94","225",11,0,0,NA,NA,0.0208333333333333,6.0082119144665
"95","225",12,0,0,NA,NA,0.0208333333333333,6.0082119144665
"96","225",13,0,0,NA,NA,0.0208333333333333,6.0082119144665
"97","225",14,0,0,NA,NA,0.0208333333333333,6.0082119144665
"98","225",15,2,0.125,6,1,0.0208333333333333,6.0082119144665
"99","225",16,1,0.0625,1,6,0.0625,6.0082119144665
"100","225",17,0,0,NA,NA,0.0104166666666667,6.0082119144665
"101","225",18,0,0,NA,NA,0.0104166666666667,6.0082119144665
"102","225",19,0,0,NA,NA,0.0104166666666667,6.0082119144665
"103","225",20,0,0,NA,NA,0.0104166666666667,6.0082119144665
"104","225",21,0,0,NA,NA,0.0104166666666667,6.0082119144665
"105","225",22,1,0.0625,6,4,0.0104166666666667,6.0082119144665
"106","225",23,0,0,NA,NA,0.015625,6.0082119144665
"107","225",24,0,0,NA,NA,0.015625,6.0082119144665
"108","225",25,0,0,NA,NA,0.015625,6.0082119144665
"109","225",26,1,0.0625,4,4,0.015625,6.0082119144665
"110","225",27,0,0,NA,NA,0.015625,6.0082119144665
"111","225",28,0,0,NA,NA,0.015625,6.0082119144665
"112","225",29,0,0,NA,NA,0.015625,6.0082119144665
"113","225",30,1,0.0625,4,16,0.015625,6.0082119144665
"114","225",31,0,0,NA,NA,0,6.0082119144665
"115","225",32,0,0,NA,NA,0,6.0082119144665
"116","225",33,0,0,NA,NA,0,6.0082119144665
"117","225",34,0,0,NA,NA,0,6.0082119144665
"118","225",35,0,0,NA,NA,0,6.0082119144665
"119","225",36,0,0,NA,NA,0,6.0082119144665
"120","225",37,0,0,NA,NA,0,6.0082119144665
"121","225",38,0,0,NA,NA,0,6.0082119144665
"122","225",39,0,0,NA,NA,0,6.0082119144665
"123","225",40,0,0,NA,NA,0,6.0082119144665
"124","228",0,1,0.111111111111111,1,1,0.111111111111111,2.05339588178139
"125","228",1,1,0.111111111111111,1,2,0.111111111111111,2.05339588178139
"126","228",2,0,0,NA,NA,0.166666666666667,2.05339588178139
"127","228",3,3,0.333333333333333,2,3,0.166666666666667,2.05339588178139
"128","228",4,0,0,NA,NA,0.037037037037037,2.05339588178139
"129","228",5,0,0,NA,NA,0.037037037037037,2.05339588178139
"130","228",6,1,0.111111111111111,3,1,0.037037037037037,2.05339588178139
"131","228",7,2,0.222222222222222,1,46,0.222222222222222,2.05339588178139
"132","228",8,0,0,NA,NA,0,2.05339588178139
"133","228",9,0,0,NA,NA,0,2.05339588178139
"134","228",10,0,0,NA,NA,0,2.05339588178139
"135","228",11,0,0,NA,NA,0,2.05339588178139
"136","228",12,0,0,NA,NA,0,2.05339588178139
"137","228",13,0,0,NA,NA,0,2.05339588178139
"138","228",14,0,0,NA,NA,0,2.05339588178139
"139","228",15,0,0,NA,NA,0,2.05339588178139
"140","228",16,0,0,NA,NA,0,2.05339588178139
"141","228",17,0,0,NA,NA,0,2.05339588178139
"142","228",18,0,0,NA,NA,0,2.05339588178139
"143","228",19,0,0,NA,NA,0,2.05339588178139
"144","228",20,0,0,NA,NA,0,2.05339588178139
"145","228",21,0,0,NA,NA,0,2.05339588178139
"146","228",22,0,0,NA,NA,0,2.05339588178139
"147","228",23,0,0,NA,NA,0,2.05339588178139
"148","228",24,0,0,NA,NA,0,2.05339588178139
"149","228",25,0,0,NA,NA,0,2.05339588178139
"150","228",26,0,0,NA,NA,0,2.05339588178139
"151","228",27,0,0,NA,NA,0,2.05339588178139
"152","228",28,0,0,NA,NA,0,2.05339588178139
"153","228",29,0,0,NA,NA,0,2.05339588178139
"154","228",30,0,0,NA,NA,0,2.05339588178139
"155","228",31,0,0,NA,NA,0,2.05339588178139
"156","228",32,0,0,NA,NA,0,2.05339588178139
"157","228",33,0,0,NA,NA,0,2.05339588178139
"158","228",34,0,0,NA,NA,0,2.05339588178139
"159","228",35,0,0,NA,NA,0,2.05339588178139
"160","228",36,0,0,NA,NA,0,2.05339588178139
"161","228",37,0,0,NA,NA,0,2.05339588178139
"162","228",38,0,0,NA,NA,0,2.05339588178139
"163","228",39,0,0,NA,NA,0,2.05339588178139
"164","228",40,0,0,NA,NA,0,2.05339588178139
"165","238",0,12,0.5,1,1,0.5,0.103536654878724
"166","238",1,10,0.416666666666667,1,1,0.416666666666667,0.103536654878724
"167","238",2,1,0.0416666666666667,1,23,0.0416666666666667,0.103536654878724
"168","238",3,0,0,NA,NA,0.00181159420289855,0.103536654878724
"169","238",4,0,0,NA,NA,0.00181159420289855,0.103536654878724
"170","238",5,0,0,NA,NA,0.00181159420289855,0.103536654878724
"171","238",6,0,0,NA,NA,0.00181159420289855,0.103536654878724
"172","238",7,0,0,NA,NA,0.00181159420289855,0.103536654878724
"173","238",8,0,0,NA,NA,0.00181159420289855,0.103536654878724
"174","238",9,0,0,NA,NA,0.00181159420289855,0.103536654878724
"175","238",10,0,0,NA,NA,0.00181159420289855,0.103536654878724
"176","238",11,0,0,NA,NA,0.00181159420289855,0.103536654878724
"177","238",12,0,0,NA,NA,0.00181159420289855,0.103536654878724
"178","238",13,0,0,NA,NA,0.00181159420289855,0.103536654878724
"179","238",14,0,0,NA,NA,0.00181159420289855,0.103536654878724
"180","238",15,0,0,NA,NA,0.00181159420289855,0.103536654878724
"181","238",16,0,0,NA,NA,0.00181159420289855,0.103536654878724
"182","238",17,0,0,NA,NA,0.00181159420289855,0.103536654878724
"183","238",18,0,0,NA,NA,0.00181159420289855,0.103536654878724
"184","238",19,0,0,NA,NA,0.00181159420289855,0.103536654878724
"185","238",20,0,0,NA,NA,0.00181159420289855,0.103536654878724
"186","238",21,0,0,NA,NA,0.00181159420289855,0.103536654878724
"187","238",22,0,0,NA,NA,0.00181159420289855,0.103536654878724
"188","238",23,0,0,NA,NA,0.00181159420289855,0.103536654878724
"189","238",24,0,0,NA,NA,0.00181159420289855,0.103536654878724
"190","238",25,1,0.0416666666666667,23,1,0.00181159420289855,0.103536654878724
"191","238",26,0,0,NA,NA,0,0.103536654878724
"192","238",27,0,0,NA,NA,0,0.103536654878724
"193","238",28,0,0,NA,NA,0,0.103536654878724
"194","238",29,0,0,NA,NA,0,0.103536654878724
"195","238",30,0,0,NA,NA,0,0.103536654878724
"196","238",31,0,0,NA,NA,0,0.103536654878724
"197","238",32,0,0,NA,NA,0,0.103536654878724
"198","238",33,0,0,NA,NA,0,0.103536654878724
"199","238",34,0,0,NA,NA,0,0.103536654878724
"200","238",35,0,0,NA,NA,0,0.103536654878724
"201","238",36,0,0,NA,NA,0,0.103536654878724
"202","238",37,0,0,NA,NA,0,0.103536654878724
"203","238",38,0,0,NA,NA,0,0.103536654878724
"204","238",39,0,0,NA,NA,0,0.103536654878724
"205","238",40,0,0,NA,NA,0,0.103536654878724
"206","249",0,2,0.133333333333333,1,1,0.133333333333333,0.1
"207","249",1,10,0.666666666666667,1,1,0.666666666666667,0.1
"208","249",2,3,0.2,1,1,0.2,0.1
"209","249",3,0,0,NA,NA,0,0.1
"210","249",4,0,0,NA,NA,0,0.1
"211","249",5,0,0,NA,NA,0,0.1
"212","249",6,0,0,NA,NA,0,0.1
"213","249",7,0,0,NA,NA,0,0.1
"214","249",8,0,0,NA,NA,0,0.1
"215","249",9,0,0,NA,NA,0,0.1
"216","249",10,0,0,NA,NA,0,0.1
"217","249",11,0,0,NA,NA,0,0.1
"218","249",12,0,0,NA,NA,0,0.1
"219","249",13,0,0,NA,NA,0,0.1
"220","249",14,0,0,NA,NA,0,0.1
"221","249",15,0,0,NA,NA,0,0.1
"222","249",16,0,0,NA,NA,0,0.1
"223","249",17,0,0,NA,NA,0,0.1
"224","249",18,0,0,NA,NA,0,0.1
"225","249",19,0,0,NA,NA,0,0.1
"226","249",20,0,0,NA,NA,0,0.1
"227","249",21,0,0,NA,NA,0,0.1
"228","249",22,0,0,NA,NA,0,0.1
"229","249",23,0,0,NA,NA,0,0.1
"230","249",24,0,0,NA,NA,0,0.1
"231","249",25,0,0,NA,NA,0,0.1
"232","249",26,0,0,NA,NA,0,0.1
"233","249",27,0,0,NA,NA,0,0.1
"234","249",28,0,0,NA,NA,0,0.1
"235","249",29,0,0,NA,NA,0,0.1
"236","249",30,0,0,NA,NA,0,0.1
"237","249",31,0,0,NA,NA,0,0.1
"238","249",32,0,0,NA,NA,0,0.1
"239","249",33,0,0,NA,NA,0,0.1
"240","249",34,0,0,NA,NA,0,0.1
"241","249",35,0,0,NA,NA,0,0.1
"242","249",36,0,0,NA,NA,0,0.1
"243","249",37,0,0,NA,NA,0,0.1
"244","249",38,0,0,NA,NA,0,0.1
"245","249",39,0,0,NA,NA,0,0.1
"246","249",40,0,0,NA,NA,0,0.1
"247","252",0,7,0.538461538461538,1,2,0.538461538461538,0.036022513133644
"248","252",1,0,0,NA,NA,0.115384615384615,0.036022513133644
"249","252",2,3,0.230769230769231,2,1,0.115384615384615,0.036022513133644
"250","252",3,2,0.153846153846154,1,1,0.153846153846154,0.036022513133644
"251","252",4,1,0.0769230769230769,1,1,0.0769230769230769,0.036022513133644
"252","252",5,0,0,NA,NA,0,0.036022513133644
"253","252",6,0,0,NA,NA,0,0.036022513133644
"254","252",7,0,0,NA,NA,0,0.036022513133644
"255","252",8,0,0,NA,NA,0,0.036022513133644
"256","252",9,0,0,NA,NA,0,0.036022513133644
"257","252",10,0,0,NA,NA,0,0.036022513133644
"258","252",11,0,0,NA,NA,0,0.036022513133644
"259","252",12,0,0,NA,NA,0,0.036022513133644
"260","252",13,0,0,NA,NA,0,0.036022513133644
"261","252",14,0,0,NA,NA,0,0.036022513133644
"262","252",15,0,0,NA,NA,0,0.036022513133644
"263","252",16,0,0,NA,NA,0,0.036022513133644
"264","252",17,0,0,NA,NA,0,0.036022513133644
"265","252",18,0,0,NA,NA,0,0.036022513133644
"266","252",19,0,0,NA,NA,0,0.036022513133644
"267","252",20,0,0,NA,NA,0,0.036022513133644
"268","252",21,0,0,NA,NA,0,0.036022513133644
"269","252",22,0,0,NA,NA,0,0.036022513133644
"270","252",23,0,0,NA,NA,0,0.036022513133644
"271","252",24,0,0,NA,NA,0,0.036022513133644
"272","252",25,0,0,NA,NA,0,0.036022513133644
"273","252",26,0,0,NA,NA,0,0.036022513133644
"274","252",27,0,0,NA,NA,0,0.036022513133644
"275","252",28,0,0,NA,NA,0,0.036022513133644
"276","252",29,0,0,NA,NA,0,0.036022513133644
"277","252",30,0,0,NA,NA,0,0.036022513133644
"278","252",31,0,0,NA,NA,0,0.036022513133644
"279","252",32,0,0,NA,NA,0,0.036022513133644
"280","252",33,0,0,NA,NA,0,0.036022513133644
"281","252",34,0,0,NA,NA,0,0.036022513133644
"282","252",35,0,0,NA,NA,0,0.036022513133644
"283","252",36,0,0,NA,NA,0,0.036022513133644
"284","252",37,0,0,NA,NA,0,0.036022513133644
"285","252",38,0,0,NA,NA,0,0.036022513133644
"286","252",39,0,0,NA,NA,0,0.036022513133644
"287","252",40,0,0,NA,NA,0,0.036022513133644
"288","269",0,2,0.111111111111111,1,1,0.111111111111111,0.785553298675384
"289","269",1,7,0.388888888888889,1,1,0.388888888888889,0.785553298675384
"290","269",2,3,0.166666666666667,1,1,0.166666666666667,0.785553298675384
"291","269",3,2,0.111111111111111,1,1,0.111111111111111,0.785553298675384
"292","269",4,1,0.0555555555555556,1,5,0.0555555555555556,0.785553298675384
"293","269",5,0,0,NA,NA,0.0222222222222222,0.785553298675384
"294","269",6,0,0,NA,NA,0.0222222222222222,0.785553298675384
"295","269",7,0,0,NA,NA,0.0222222222222222,0.785553298675384
"296","269",8,0,0,NA,NA,0.0222222222222222,0.785553298675384
"297","269",9,2,0.111111111111111,5,7,0.0222222222222222,0.785553298675384
"298","269",10,0,0,NA,NA,0.00793650793650794,0.785553298675384
"299","269",11,0,0,NA,NA,0.00793650793650794,0.785553298675384
"300","269",12,0,0,NA,NA,0.00793650793650794,0.785553298675384
"301","269",13,0,0,NA,NA,0.00793650793650794,0.785553298675384
"302","269",14,0,0,NA,NA,0.00793650793650794,0.785553298675384
"303","269",15,0,0,NA,NA,0.00793650793650794,0.785553298675384
"304","269",16,1,0.0555555555555556,7,1,0.00793650793650794,0.785553298675384
"305","269",17,0,0,NA,NA,0,0.785553298675384
"306","269",18,0,0,NA,NA,0,0.785553298675384
"307","269",19,0,0,NA,NA,0,0.785553298675384
"308","269",20,0,0,NA,NA,0,0.785553298675384
"309","269",21,0,0,NA,NA,0,0.785553298675384
"310","269",22,0,0,NA,NA,0,0.785553298675384
"311","269",23,0,0,NA,NA,0,0.785553298675384
"312","269",24,0,0,NA,NA,0,0.785553298675384
"313","269",25,0,0,NA,NA,0,0.785553298675384
"314","269",26,0,0,NA,NA,0,0.785553298675384
"315","269",27,0,0,NA,NA,0,0.785553298675384
"316","269",28,0,0,NA,NA,0,0.785553298675384
"317","269",29,0,0,NA,NA,0,0.785553298675384
"318","269",30,0,0,NA,NA,0,0.785553298675384
"319","269",31,0,0,NA,NA,0,0.785553298675384
"320","269",32,0,0,NA,NA,0,0.785553298675384
"321","269",33,0,0,NA,NA,0,0.785553298675384
"322","269",34,0,0,NA,NA,0,0.785553298675384
"323","269",35,0,0,NA,NA,0,0.785553298675384
"324","269",36,0,0,NA,NA,0,0.785553298675384
"325","269",37,0,0,NA,NA,0,0.785553298675384
"326","269",38,0,0,NA,NA,0,0.785553298675384
"327","269",39,0,0,NA,NA,0,0.785553298675384
"328","269",40,0,0,NA,NA,0,0.785553298675384
"329","286",0,5,0.238095238095238,1,1,0.238095238095238,0.279541025803001
"330","286",1,10,0.476190476190476,1,1,0.476190476190476,0.279541025803001
"331","286",2,2,0.0952380952380952,1,2,0.0952380952380952,0.279541025803001
"332","286",3,0,0,NA,NA,0.0238095238095238,0.279541025803001
"333","286",4,1,0.0476190476190476,2,1,0.0238095238095238,0.279541025803001
"334","286",5,1,0.0476190476190476,1,1,0.0476190476190476,0.279541025803001
"335","286",6,1,0.0476190476190476,1,5,0.0476190476190476,0.279541025803001
"336","286",7,0,0,NA,NA,0.00952380952380952,0.279541025803001
"337","286",8,0,0,NA,NA,0.00952380952380952,0.279541025803001
"338","286",9,0,0,NA,NA,0.00952380952380952,0.279541025803001
"339","286",10,0,0,NA,NA,0.00952380952380952,0.279541025803001
"340","286",11,1,0.0476190476190476,5,1,0.00952380952380952,0.279541025803001
"341","286",12,0,0,NA,NA,0,0.279541025803001
"342","286",13,0,0,NA,NA,0,0.279541025803001
"343","286",14,0,0,NA,NA,0,0.279541025803001
"344","286",15,0,0,NA,NA,0,0.279541025803001
"345","286",16,0,0,NA,NA,0,0.279541025803001
"346","286",17,0,0,NA,NA,0,0.279541025803001
"347","286",18,0,0,NA,NA,0,0.279541025803001
"348","286",19,0,0,NA,NA,0,0.279541025803001
"349","286",20,0,0,NA,NA,0,0.279541025803001
"350","286",21,0,0,NA,NA,0,0.279541025803001
"351","286",22,0,0,NA,NA,0,0.279541025803001
"352","286",23,0,0,NA,NA,0,0.279541025803001
"353","286",24,0,0,NA,NA,0,0.279541025803001
"354","286",25,0,0,NA,NA,0,0.279541025803001
"355","286",26,0,0,NA,NA,0,0.279541025803001
"356","286",27,0,0,NA,NA,0,0.279541025803001
"357","286",28,0,0,NA,NA,0,0.279541025803001
"358","286",29,0,0,NA,NA,0,0.279541025803001
"359","286",30,0,0,NA,NA,0,0.279541025803001
"360","286",31,0,0,NA,NA,0,0.279541025803001
"361","286",32,0,0,NA,NA,0,0.279541025803001
"362","286",33,0,0,NA,NA,0,0.279541025803001
"363","286",34,0,0,NA,NA,0,0.279541025803001
"364","286",35,0,0,NA,NA,0,0.279541025803001
"365","286",36,0,0,NA,NA,0,0.279541025803001
"366","286",37,0,0,NA,NA,0,0.279541025803001
"367","286",38,0,0,NA,NA,0,0.279541025803001
"368","286",39,0,0,NA,NA,0,0.279541025803001
"369","286",40,0,0,NA,NA,0,0.279541025803001
"370","315",0,1,0.0769230769230769,1,2,0.0769230769230769,1.39171379069221
"371","315",1,0,0,NA,NA,0.0384615384615385,1.39171379069221
"372","315",2,1,0.0769230769230769,2,1,0.0384615384615385,1.39171379069221
"373","315",3,1,0.0769230769230769,1,1,0.0769230769230769,1.39171379069221
"374","315",4,4,0.307692307692308,1,1,0.307692307692308,1.39171379069221
"375","315",5,1,0.0769230769230769,1,1,0.0769230769230769,1.39171379069221
"376","315",6,2,0.153846153846154,1,3,0.153846153846154,1.39171379069221
"377","315",7,0,0,NA,NA,0.0512820512820513,1.39171379069221
"378","315",8,0,0,NA,NA,0.0512820512820513,1.39171379069221
"379","315",9,2,0.153846153846154,3,4,0.0512820512820513,1.39171379069221
"380","315",10,0,0,NA,NA,0.0192307692307692,1.39171379069221
"381","315",11,0,0,NA,NA,0.0192307692307692,1.39171379069221
"382","315",12,0,0,NA,NA,0.0192307692307692,1.39171379069221
"383","315",13,1,0.0769230769230769,4,1,0.0192307692307692,1.39171379069221
"384","315",14,0,0,NA,NA,0,1.39171379069221
"385","315",15,0,0,NA,NA,0,1.39171379069221
"386","315",16,0,0,NA,NA,0,1.39171379069221
"387","315",17,0,0,NA,NA,0,1.39171379069221
"388","315",18,0,0,NA,NA,0,1.39171379069221
"389","315",19,0,0,NA,NA,0,1.39171379069221
"390","315",20,0,0,NA,NA,0,1.39171379069221
"391","315",21,0,0,NA,NA,0,1.39171379069221
"392","315",22,0,0,NA,NA,0,1.39171379069221
"393","315",23,0,0,NA,NA,0,1.39171379069221
"394","315",24,0,0,NA,NA,0,1.39171379069221
"395","315",25,0,0,NA,NA,0,1.39171379069221
"396","315",26,0,0,NA,NA,0,1.39171379069221
"397","315",27,0,0,NA,NA,0,1.39171379069221
"398","315",28,0,0,NA,NA,0,1.39171379069221
"399","315",29,0,0,NA,NA,0,1.39171379069221
"400","315",30,0,0,NA,NA,0,1.39171379069221
"401","315",31,0,0,NA,NA,0,1.39171379069221
"402","315",32,0,0,NA,NA,0,1.39171379069221
"403","315",33,0,0,NA,NA,0,1.39171379069221
"404","315",34,0,0,NA,NA,0,1.39171379069221
"405","315",35,0,0,NA,NA,0,1.39171379069221
"406","315",36,0,0,NA,NA,0,1.39171379069221
"407","315",37,0,0,NA,NA,0,1.39171379069221
"408","315",38,0,0,NA,NA,0,1.39171379069221
"409","315",39,0,0,NA,NA,0,1.39171379069221
"410","315",40,0,0,NA,NA,0,1.39171379069221
"411","327",0,6,0.25,1,1,0.25,1.33411646407737
"412","327",1,4,0.166666666666667,1,1,0.166666666666667,1.33411646407737
"413","327",2,5,0.208333333333333,1,1,0.208333333333333,1.33411646407737
"414","327",3,3,0.125,1,8,0.125,1.33411646407737
"415","327",4,0,0,NA,NA,0.0104166666666667,1.33411646407737
"416","327",5,0,0,NA,NA,0.0104166666666667,1.33411646407737
"417","327",6,0,0,NA,NA,0.0104166666666667,1.33411646407737
"418","327",7,0,0,NA,NA,0.0104166666666667,1.33411646407737
"419","327",8,0,0,NA,NA,0.0104166666666667,1.33411646407737
"420","327",9,0,0,NA,NA,0.0104166666666667,1.33411646407737
"421","327",10,0,0,NA,NA,0.0104166666666667,1.33411646407737
"422","327",11,2,0.0833333333333333,8,2,0.0104166666666667,1.33411646407737
"423","327",12,0,0,NA,NA,0.0208333333333333,1.33411646407737
"424","327",13,1,0.0416666666666667,2,1,0.0208333333333333,1.33411646407737
"425","327",14,1,0.0416666666666667,1,2,0.0416666666666667,1.33411646407737
"426","327",15,0,0,NA,NA,0.0208333333333333,1.33411646407737
"427","327",16,1,0.0416666666666667,2,2,0.0208333333333333,1.33411646407737
"428","327",17,0,0,NA,NA,0.0208333333333333,1.33411646407737
"429","327",18,1,0.0416666666666667,2,1,0.0208333333333333,1.33411646407737
"430","327",19,0,0,NA,NA,0,1.33411646407737
"431","327",20,0,0,NA,NA,0,1.33411646407737
"432","327",21,0,0,NA,NA,0,1.33411646407737
"433","327",22,0,0,NA,NA,0,1.33411646407737
"434","327",23,0,0,NA,NA,0,1.33411646407737
"435","327",24,0,0,NA,NA,0,1.33411646407737
"436","327",25,0,0,NA,NA,0,1.33411646407737
"437","327",26,0,0,NA,NA,0,1.33411646407737
"438","327",27,0,0,NA,NA,0,1.33411646407737
"439","327",28,0,0,NA,NA,0,1.33411646407737
"440","327",29,0,0,NA,NA,0,1.33411646407737
"441","327",30,0,0,NA,NA,0,1.33411646407737
"442","327",31,0,0,NA,NA,0,1.33411646407737
"443","327",32,0,0,NA,NA,0,1.33411646407737
"444","327",33,0,0,NA,NA,0,1.33411646407737
"445","327",34,0,0,NA,NA,0,1.33411646407737
"446","327",35,0,0,NA,NA,0,1.33411646407737
"447","327",36,0,0,NA,NA,0,1.33411646407737
"448","327",37,0,0,NA,NA,0,1.33411646407737
"449","327",38,0,0,NA,NA,0,1.33411646407737
"450","327",39,0,0,NA,NA,0,1.33411646407737
"451","327",40,0,0,NA,NA,0,1.33411646407737
"452","339",0,7,0.411764705882353,1,1,0.411764705882353,0.335212463465657
"453","339",1,8,0.470588235294118,1,1,0.470588235294118,0.335212463465657
"454","339",2,1,0.0588235294117647,1,1,0.0588235294117647,0.335212463465657
"455","339",3,1,0.0588235294117647,1,1,0.0588235294117647,0.335212463465657
"456","339",4,0,0,NA,NA,0,0.335212463465657
"457","339",5,0,0,NA,NA,0,0.335212463465657
"458","339",6,0,0,NA,NA,0,0.335212463465657
"459","339",7,0,0,NA,NA,0,0.335212463465657
"460","339",8,0,0,NA,NA,0,0.335212463465657
"461","339",9,0,0,NA,NA,0,0.335212463465657
"462","339",10,0,0,NA,NA,0,0.335212463465657
"463","339",11,0,0,NA,NA,0,0.335212463465657
"464","339",12,0,0,NA,NA,0,0.335212463465657
"465","339",13,0,0,NA,NA,0,0.335212463465657
"466","339",14,0,0,NA,NA,0,0.335212463465657
"467","339",15,0,0,NA,NA,0,0.335212463465657
"468","339",16,0,0,NA,NA,0,0.335212463465657
"469","339",17,0,0,NA,NA,0,0.335212463465657
"470","339",18,0,0,NA,NA,0,0.335212463465657
"471","339",19,0,0,NA,NA,0,0.335212463465657
"472","339",20,0,0,NA,NA,0,0.335212463465657
"473","339",21,0,0,NA,NA,0,0.335212463465657
"474","339",22,0,0,NA,NA,0,0.335212463465657
"475","339",23,0,0,NA,NA,0,0.335212463465657
"476","339",24,0,0,NA,NA,0,0.335212463465657
"477","339",25,0,0,NA,NA,0,0.335212463465657
"478","339",26,0,0,NA,NA,0,0.335212463465657
"479","339",27,0,0,NA,NA,0,0.335212463465657
"480","339",28,0,0,NA,NA,0,0.335212463465657
"481","339",29,0,0,NA,NA,0,0.335212463465657
"482","339",30,0,0,NA,NA,0,0.335212463465657
"483","339",31,0,0,NA,NA,0,0.335212463465657
"484","339",32,0,0,NA,NA,0,0.335212463465657
"485","339",33,0,0,NA,NA,0,0.335212463465657
"486","339",34,0,0,NA,NA,0,0.335212463465657
"487","339",35,0,0,NA,NA,0,0.335212463465657
"488","339",36,0,0,NA,NA,0,0.335212463465657
"489","339",37,0,0,NA,NA,0,0.335212463465657
"490","339",38,0,0,NA,NA,0,0.335212463465657
"491","339",39,0,0,NA,NA,0,0.335212463465657
"492","339",40,0,0,NA,NA,0,0.335212463465657
"493","344",0,9,0.321428571428571,1,1,0.321428571428571,0.01
"494","344",1,14,0.5,1,1,0.5,0.01
"495","344",2,2,0.0714285714285714,1,2,0.0714285714285714,0.01
"496","344",3,0,0,NA,NA,0.0357142857142857,0.01
"497","344",4,2,0.0714285714285714,2,1,0.0357142857142857,0.01
"498","344",5,1,0.0357142857142857,1,1,0.0357142857142857,0.01
"499","344",6,0,0,NA,NA,0,0.01
"500","344",7,0,0,NA,NA,0,0.01
"501","344",8,0,0,NA,NA,0,0.01
"502","344",9,0,0,NA,NA,0,0.01
"503","344",10,0,0,NA,NA,0,0.01
"504","344",11,0,0,NA,NA,0,0.01
"505","344",12,0,0,NA,NA,0,0.01
"506","344",13,0,0,NA,NA,0,0.01
"507","344",14,0,0,NA,NA,0,0.01
"508","344",15,0,0,NA,NA,0,0.01
"509","344",16,0,0,NA,NA,0,0.01
"510","344",17,0,0,NA,NA,0,0.01
"511","344",18,0,0,NA,NA,0,0.01
"512","344",19,0,0,NA,NA,0,0.01
"513","344",20,0,0,NA,NA,0,0.01
"514","344",21,0,0,NA,NA,0,0.01
"515","344",22,0,0,NA,NA,0,0.01
"516","344",23,0,0,NA,NA,0,0.01
"517","344",24,0,0,NA,NA,0,0.01
"518","344",25,0,0,NA,NA,0,0.01
"519","344",26,0,0,NA,NA,0,0.01
"520","344",27,0,0,NA,NA,0,0.01
"521","344",28,0,0,NA,NA,0,0.01
"522","344",29,0,0,NA,NA,0,0.01
"523","344",30,0,0,NA,NA,0,0.01
"524","344",31,0,0,NA,NA,0,0.01
"525","344",32,0,0,NA,NA,0,0.01
"526","344",33,0,0,NA,NA,0,0.01
"527","344",34,0,0,NA,NA,0,0.01
"528","344",35,0,0,NA,NA,0,0.01
"529","344",36,0,0,NA,NA,0,0.01
"530","344",37,0,0,NA,NA,0,0.01
"531","344",38,0,0,NA,NA,0,0.01
"532","344",39,0,0,NA,NA,0,0.01
"533","344",40,0,0,NA,NA,0,0.01
"534","353",0,6,0.315789473684211,1,1,0.315789473684211,0.750435325232586
"535","353",1,7,0.368421052631579,1,2,0.368421052631579,0.750435325232586
"536","353",2,0,0,NA,NA,0.0526315789473684,0.750435325232586
"537","353",3,2,0.105263157894737,2,7,0.0526315789473684,0.750435325232586
"538","353",4,0,0,NA,NA,0.0075187969924812,0.750435325232586
"539","353",5,0,0,NA,NA,0.0075187969924812,0.750435325232586
"540","353",6,0,0,NA,NA,0.0075187969924812,0.750435325232586
"541","353",7,0,0,NA,NA,0.0075187969924812,0.750435325232586
"542","353",8,0,0,NA,NA,0.0075187969924812,0.750435325232586
"543","353",9,0,0,NA,NA,0.0075187969924812,0.750435325232586
"544","353",10,1,0.0526315789473684,7,1,0.0075187969924812,0.750435325232586
"545","353",11,1,0.0526315789473684,1,10,0.0526315789473684,0.750435325232586
"546","353",12,0,0,NA,NA,0.00526315789473684,0.750435325232586
"547","353",13,0,0,NA,NA,0.00526315789473684,0.750435325232586
"548","353",14,0,0,NA,NA,0.00526315789473684,0.750435325232586
"549","353",15,0,0,NA,NA,0.00526315789473684,0.750435325232586
"550","353",16,0,0,NA,NA,0.00526315789473684,0.750435325232586
"551","353",17,0,0,NA,NA,0.00526315789473684,0.750435325232586
"552","353",18,0,0,NA,NA,0.00526315789473684,0.750435325232586
"553","353",19,0,0,NA,NA,0.00526315789473684,0.750435325232586
"554","353",20,0,0,NA,NA,0.00526315789473684,0.750435325232586
"555","353",21,1,0.0526315789473684,10,10,0.00526315789473684,0.750435325232586
"556","353",22,0,0,NA,NA,0.00526315789473684,0.750435325232586
"557","353",23,0,0,NA,NA,0.00526315789473684,0.750435325232586
"558","353",24,0,0,NA,NA,0.00526315789473684,0.750435325232586
"559","353",25,0,0,NA,NA,0.00526315789473684,0.750435325232586
"560","353",26,0,0,NA,NA,0.00526315789473684,0.750435325232586
"561","353",27,0,0,NA,NA,0.00526315789473684,0.750435325232586
"562","353",28,0,0,NA,NA,0.00526315789473684,0.750435325232586
"563","353",29,0,0,NA,NA,0.00526315789473684,0.750435325232586
"564","353",30,0,0,NA,NA,0.00526315789473684,0.750435325232586
"565","353",31,1,0.0526315789473684,10,1,0.00526315789473684,0.750435325232586
"566","353",32,0,0,NA,NA,0,0.750435325232586
"567","353",33,0,0,NA,NA,0,0.750435325232586
"568","353",34,0,0,NA,NA,0,0.750435325232586
"569","353",35,0,0,NA,NA,0,0.750435325232586
"570","353",36,0,0,NA,NA,0,0.750435325232586
"571","353",37,0,0,NA,NA,0,0.750435325232586
"572","353",38,0,0,NA,NA,0,0.750435325232586
"573","353",39,0,0,NA,NA,0,0.750435325232586
"574","353",40,0,0,NA,NA,0,0.750435325232586
"575","379",0,6,0.24,1,1,0.24,0.246112715794125
"576","379",1,12,0.48,1,1,0.48,0.246112715794125
"577","379",2,3,0.12,1,2,0.12,0.246112715794125
"578","379",3,0,0,NA,NA,0.02,0.246112715794125
"579","379",4,1,0.04,2,6,0.02,0.246112715794125
"580","379",5,0,0,NA,NA,0.00666666666666667,0.246112715794125
"581","379",6,0,0,NA,NA,0.00666666666666667,0.246112715794125
"582","379",7,0,0,NA,NA,0.00666666666666667,0.246112715794125
"583","379",8,0,0,NA,NA,0.00666666666666667,0.246112715794125
"584","379",9,0,0,NA,NA,0.00666666666666667,0.246112715794125
"585","379",10,1,0.04,6,1,0.00666666666666667,0.246112715794125
"586","379",11,1,0.04,1,1,0.04,0.246112715794125
"587","379",12,1,0.04,1,1,0.04,0.246112715794125
"588","379",13,0,0,NA,NA,0,0.246112715794125
"589","379",14,0,0,NA,NA,0,0.246112715794125
"590","379",15,0,0,NA,NA,0,0.246112715794125
"591","379",16,0,0,NA,NA,0,0.246112715794125
"592","379",17,0,0,NA,NA,0,0.246112715794125
"593","379",18,0,0,NA,NA,0,0.246112715794125
"594","379",19,0,0,NA,NA,0,0.246112715794125
"595","379",20,0,0,NA,NA,0,0.246112715794125
"596","379",21,0,0,NA,NA,0,0.246112715794125
"597","379",22,0,0,NA,NA,0,0.246112715794125
"598","379",23,0,0,NA,NA,0,0.246112715794125
"599","379",24,0,0,NA,NA,0,0.246112715794125
"600","379",25,0,0,NA,NA,0,0.246112715794125
"601","379",26,0,0,NA,NA,0,0.246112715794125
"602","379",27,0,0,NA,NA,0,0.246112715794125
"603","379",28,0,0,NA,NA,0,0.246112715794125
"604","379",29,0,0,NA,NA,0,0.246112715794125
"605","379",30,0,0,NA,NA,0,0.246112715794125
"606","379",31,0,0,NA,NA,0,0.246112715794125
"607","379",32,0,0,NA,NA,0,0.246112715794125
"608","379",33,0,0,NA,NA,0,0.246112715794125
"609","379",34,0,0,NA,NA,0,0.246112715794125
"610","379",35,0,0,NA,NA,0,0.246112715794125
"611","379",36,0,0,NA,NA,0,0.246112715794125
"612","379",37,0,0,NA,NA,0,0.246112715794125
"613","379",38,0,0,NA,NA,0,0.246112715794125
"614","379",39,0,0,NA,NA,0,0.246112715794125
"615","379",40,0,0,NA,NA,0,0.246112715794125
"616","386",0,5,0.294117647058824,1,1,0.294117647058824,0.826183326710291
"617","386",1,5,0.294117647058824,1,1,0.294117647058824,0.826183326710291
"618","386",2,2,0.117647058823529,1,1,0.117647058823529,0.826183326710291
"619","386",3,5,0.294117647058824,1,1,0.294117647058824,0.826183326710291
"620","386",4,0,0,NA,NA,0,0.826183326710291
"621","386",5,0,0,NA,NA,0,0.826183326710291
"622","386",6,0,0,NA,NA,0,0.826183326710291
"623","386",7,0,0,NA,NA,0,0.826183326710291
"624","386",8,0,0,NA,NA,0,0.826183326710291
"625","386",9,0,0,NA,NA,0,0.826183326710291
"626","386",10,0,0,NA,NA,0,0.826183326710291
"627","386",11,0,0,NA,NA,0,0.826183326710291
"628","386",12,0,0,NA,NA,0,0.826183326710291
"629","386",13,0,0,NA,NA,0,0.826183326710291
"630","386",14,0,0,NA,NA,0,0.826183326710291
"631","386",15,0,0,NA,NA,0,0.826183326710291
"632","386",16,0,0,NA,NA,0,0.826183326710291
"633","386",17,0,0,NA,NA,0,0.826183326710291
"634","386",18,0,0,NA,NA,0,0.826183326710291
"635","386",19,0,0,NA,NA,0,0.826183326710291
"636","386",20,0,0,NA,NA,0,0.826183326710291
"637","386",21,0,0,NA,NA,0,0.826183326710291
"638","386",22,0,0,NA,NA,0,0.826183326710291
"639","386",23,0,0,NA,NA,0,0.826183326710291
"640","386",24,0,0,NA,NA,0,0.826183326710291
"641","386",25,0,0,NA,NA,0,0.826183326710291
"642","386",26,0,0,NA,NA,0,0.826183326710291
"643","386",27,0,0,NA,NA,0,0.826183326710291
"644","386",28,0,0,NA,NA,0,0.826183326710291
"645","386",29,0,0,NA,NA,0,0.826183326710291
"646","386",30,0,0,NA,NA,0,0.826183326710291
"647","386",31,0,0,NA,NA,0,0.826183326710291
"648","386",32,0,0,NA,NA,0,0.826183326710291
"649","386",33,0,0,NA,NA,0,0.826183326710291
"650","386",34,0,0,NA,NA,0,0.826183326710291
"651","386",35,0,0,NA,NA,0,0.826183326710291
"652","386",36,0,0,NA,NA,0,0.826183326710291
"653","386",37,0,0,NA,NA,0,0.826183326710291
"654","386",38,0,0,NA,NA,0,0.826183326710291
"655","386",39,0,0,NA,NA,0,0.826183326710291
"656","386",40,0,0,NA,NA,0,0.826183326710291
"657","433",0,12,0.923076923076923,1,4,0.923076923076923,0.0108227528092048
"658","433",1,0,0,NA,NA,0.0192307692307692,0.0108227528092048
"659","433",2,0,0,NA,NA,0.0192307692307692,0.0108227528092048
"660","433",3,0,0,NA,NA,0.0192307692307692,0.0108227528092048
"661","433",4,1,0.0769230769230769,4,1,0.0192307692307692,0.0108227528092048
"662","433",5,0,0,NA,NA,0,0.0108227528092048
"663","433",6,0,0,NA,NA,0,0.0108227528092048
"664","433",7,0,0,NA,NA,0,0.0108227528092048
"665","433",8,0,0,NA,NA,0,0.0108227528092048
"666","433",9,0,0,NA,NA,0,0.0108227528092048
"667","433",10,0,0,NA,NA,0,0.0108227528092048
"668","433",11,0,0,NA,NA,0,0.0108227528092048
"669","433",12,0,0,NA,NA,0,0.0108227528092048
"670","433",13,0,0,NA,NA,0,0.0108227528092048
"671","433",14,0,0,NA,NA,0,0.0108227528092048
"672","433",15,0,0,NA,NA,0,0.0108227528092048
"673","433",16,0,0,NA,NA,0,0.0108227528092048
"674","433",17,0,0,NA,NA,0,0.0108227528092048
"675","433",18,0,0,NA,NA,0,0.0108227528092048
"676","433",19,0,0,NA,NA,0,0.0108227528092048
"677","433",20,0,0,NA,NA,0,0.0108227528092048
"678","433",21,0,0,NA,NA,0,0.0108227528092048
"679","433",22,0,0,NA,NA,0,0.0108227528092048
"680","433",23,0,0,NA,NA,0,0.0108227528092048
"681","433",24,0,0,NA,NA,0,0.0108227528092048
"682","433",25,0,0,NA,NA,0,0.0108227528092048
"683","433",26,0,0,NA,NA,0,0.0108227528092048
"684","433",27,0,0,NA,NA,0,0.0108227528092048
"685","433",28,0,0,NA,NA,0,0.0108227528092048
"686","433",29,0,0,NA,NA,0,0.0108227528092048
"687","433",30,0,0,NA,NA,0,0.0108227528092048
"688","433",31,0,0,NA,NA,0,0.0108227528092048
"689","433",32,0,0,NA,NA,0,0.0108227528092048
"690","433",33,0,0,NA,NA,0,0.0108227528092048
"691","433",34,0,0,NA,NA,0,0.0108227528092048
"692","433",35,0,0,NA,NA,0,0.0108227528092048
"693","433",36,0,0,NA,NA,0,0.0108227528092048
"694","433",37,0,0,NA,NA,0,0.0108227528092048
"695","433",38,0,0,NA,NA,0,0.0108227528092048
"696","433",39,0,0,NA,NA,0,0.0108227528092048
"697","433",40,0,0,NA,NA,0,0.0108227528092048
"698","451",0,6,0.461538461538462,1,1,0.461538461538462,0.780625795073092
"699","451",1,2,0.153846153846154,1,1,0.153846153846154,0.780625795073092
"700","451",2,5,0.384615384615385,1,1,0.384615384615385,0.780625795073092
"701","451",3,0,0,NA,NA,0,0.780625795073092
"702","451",4,0,0,NA,NA,0,0.780625795073092
"703","451",5,0,0,NA,NA,0,0.780625795073092
"704","451",6,0,0,NA,NA,0,0.780625795073092
"705","451",7,0,0,NA,NA,0,0.780625795073092
"706","451",8,0,0,NA,NA,0,0.780625795073092
"707","451",9,0,0,NA,NA,0,0.780625795073092
"708","451",10,0,0,NA,NA,0,0.780625795073092
"709","451",11,0,0,NA,NA,0,0.780625795073092
"710","451",12,0,0,NA,NA,0,0.780625795073092
"711","451",13,0,0,NA,NA,0,0.780625795073092
"712","451",14,0,0,NA,NA,0,0.780625795073092
"713","451",15,0,0,NA,NA,0,0.780625795073092
"714","451",16,0,0,NA,NA,0,0.780625795073092
"715","451",17,0,0,NA,NA,0,0.780625795073092
"716","451",18,0,0,NA,NA,0,0.780625795073092
"717","451",19,0,0,NA,NA,0,0.780625795073092
"718","451",20,0,0,NA,NA,0,0.780625795073092
"719","451",21,0,0,NA,NA,0,0.780625795073092
"720","451",22,0,0,NA,NA,0,0.780625795073092
"721","451",23,0,0,NA,NA,0,0.780625795073092
"722","451",24,0,0,NA,NA,0,0.780625795073092
"723","451",25,0,0,NA,NA,0,0.780625795073092
"724","451",26,0,0,NA,NA,0,0.780625795073092
"725","451",27,0,0,NA,NA,0,0.780625795073092
"726","451",28,0,0,NA,NA,0,0.780625795073092
"727","451",29,0,0,NA,NA,0,0.780625795073092
"728","451",30,0,0,NA,NA,0,0.780625795073092
"729","451",31,0,0,NA,NA,0,0.780625795073092
"730","451",32,0,0,NA,NA,0,0.780625795073092
"731","451",33,0,0,NA,NA,0,0.780625795073092
"732","451",34,0,0,NA,NA,0,0.780625795073092
"733","451",35,0,0,NA,NA,0,0.780625795073092
"734","451",36,0,0,NA,NA,0,0.780625795073092
"735","451",37,0,0,NA,NA,0,0.780625795073092
"736","451",38,0,0,NA,NA,0,0.780625795073092
"737","451",39,0,0,NA,NA,0,0.780625795073092
"738","451",40,0,0,NA,NA,0,0.780625795073092
"739","457",0,6,0.4,1,1,0.4,1.69767449073382
"740","457",1,1,0.0666666666666667,1,1,0.0666666666666667,1.69767449073382
"741","457",2,1,0.0666666666666667,1,1,0.0666666666666667,1.69767449073382
"742","457",3,2,0.133333333333333,1,1,0.133333333333333,1.69767449073382
"743","457",4,3,0.2,1,1,0.2,1.69767449073382
"744","457",5,1,0.0666666666666667,1,3,0.0666666666666667,1.69767449073382
"745","457",6,0,0,NA,NA,0.0222222222222222,1.69767449073382
"746","457",7,0,0,NA,NA,0.0222222222222222,1.69767449073382
"747","457",8,1,0.0666666666666667,3,1,0.0222222222222222,1.69767449073382
"748","457",9,0,0,NA,NA,0,1.69767449073382
"749","457",10,0,0,NA,NA,0,1.69767449073382
"750","457",11,0,0,NA,NA,0,1.69767449073382
"751","457",12,0,0,NA,NA,0,1.69767449073382
"752","457",13,0,0,NA,NA,0,1.69767449073382
"753","457",14,0,0,NA,NA,0,1.69767449073382
"754","457",15,0,0,NA,NA,0,1.69767449073382
"755","457",16,0,0,NA,NA,0,1.69767449073382
"756","457",17,0,0,NA,NA,0,1.69767449073382
"757","457",18,0,0,NA,NA,0,1.69767449073382
"758","457",19,0,0,NA,NA,0,1.69767449073382
"759","457",20,0,0,NA,NA,0,1.69767449073382
"760","457",21,0,0,NA,NA,0,1.69767449073382
"761","457",22,0,0,NA,NA,0,1.69767449073382
"762","457",23,0,0,NA,NA,0,1.69767449073382
"763","457",24,0,0,NA,NA,0,1.69767449073382
"764","457",25,0,0,NA,NA,0,1.69767449073382
"765","457",26,0,0,NA,NA,0,1.69767449073382
"766","457",27,0,0,NA,NA,0,1.69767449073382
"767","457",28,0,0,NA,NA,0,1.69767449073382
"768","457",29,0,0,NA,NA,0,1.69767449073382
"769","457",30,0,0,NA,NA,0,1.69767449073382
"770","457",31,0,0,NA,NA,0,1.69767449073382
"771","457",32,0,0,NA,NA,0,1.69767449073382
"772","457",33,0,0,NA,NA,0,1.69767449073382
"773","457",34,0,0,NA,NA,0,1.69767449073382
"774","457",35,0,0,NA,NA,0,1.69767449073382
"775","457",36,0,0,NA,NA,0,1.69767449073382
"776","457",37,0,0,NA,NA,0,1.69767449073382
"777","457",38,0,0,NA,NA,0,1.69767449073382
"778","457",39,0,0,NA,NA,0,1.69767449073382
"779","457",40,0,0,NA,NA,0,1.69767449073382
"780","466",0,5,0.454545454545455,1,1,0.454545454545455,0.60280178967362
"781","466",1,4,0.363636363636364,1,1,0.363636363636364,0.60280178967362
"782","466",2,1,0.0909090909090909,1,1,0.0909090909090909,0.60280178967362
"783","466",3,1,0.0909090909090909,1,1,0.0909090909090909,0.60280178967362
"784","466",4,0,0,NA,NA,0,0.60280178967362
"785","466",5,0,0,NA,NA,0,0.60280178967362
"786","466",6,0,0,NA,NA,0,0.60280178967362
"787","466",7,0,0,NA,NA,0,0.60280178967362
"788","466",8,0,0,NA,NA,0,0.60280178967362
"789","466",9,0,0,NA,NA,0,0.60280178967362
"790","466",10,0,0,NA,NA,0,0.60280178967362
"791","466",11,0,0,NA,NA,0,0.60280178967362
"792","466",12,0,0,NA,NA,0,0.60280178967362
"793","466",13,0,0,NA,NA,0,0.60280178967362
"794","466",14,0,0,NA,NA,0,0.60280178967362
"795","466",15,0,0,NA,NA,0,0.60280178967362
"796","466",16,0,0,NA,NA,0,0.60280178967362
"797","466",17,0,0,NA,NA,0,0.60280178967362
"798","466",18,0,0,NA,NA,0,0.60280178967362
"799","466",19,0,0,NA,NA,0,0.60280178967362
"800","466",20,0,0,NA,NA,0,0.60280178967362
"801","466",21,0,0,NA,NA,0,0.60280178967362
"802","466",22,0,0,NA,NA,0,0.60280178967362
"803","466",23,0,0,NA,NA,0,0.60280178967362
"804","466",24,0,0,NA,NA,0,0.60280178967362
"805","466",25,0,0,NA,NA,0,0.60280178967362
"806","466",26,0,0,NA,NA,0,0.60280178967362
"807","466",27,0,0,NA,NA,0,0.60280178967362
"808","466",28,0,0,NA,NA,0,0.60280178967362
"809","466",29,0,0,NA,NA,0,0.60280178967362
"810","466",30,0,0,NA,NA,0,0.60280178967362
"811","466",31,0,0,NA,NA,0,0.60280178967362
"812","466",32,0,0,NA,NA,0,0.60280178967362
"813","466",33,0,0,NA,NA,0,0.60280178967362
"814","466",34,0,0,NA,NA,0,0.60280178967362
"815","466",35,0,0,NA,NA,0,0.60280178967362
"816","466",36,0,0,NA,NA,0,0.60280178967362
"817","466",37,0,0,NA,NA,0,0.60280178967362
"818","466",38,0,0,NA,NA,0,0.60280178967362
"819","466",39,0,0,NA,NA,0,0.60280178967362
"820","466",40,0,0,NA,NA,0,0.60280178967362
"821","473",0,5,0.5,1,1,0.5,0.108885631440466
"822","473",1,3,0.3,1,1,0.3,0.108885631440466
"823","473",2,2,0.2,1,1,0.2,0.108885631440466
"824","473",3,0,0,NA,NA,0,0.108885631440466
"825","473",4,0,0,NA,NA,0,0.108885631440466
"826","473",5,0,0,NA,NA,0,0.108885631440466
"827","473",6,0,0,NA,NA,0,0.108885631440466
"828","473",7,0,0,NA,NA,0,0.108885631440466
"829","473",8,0,0,NA,NA,0,0.108885631440466
"830","473",9,0,0,NA,NA,0,0.108885631440466
"831","473",10,0,0,NA,NA,0,0.108885631440466
"832","473",11,0,0,NA,NA,0,0.108885631440466
"833","473",12,0,0,NA,NA,0,0.108885631440466
"834","473",13,0,0,NA,NA,0,0.108885631440466
"835","473",14,0,0,NA,NA,0,0.108885631440466
"836","473",15,0,0,NA,NA,0,0.108885631440466
"837","473",16,0,0,NA,NA,0,0.108885631440466
"838","473",17,0,0,NA,NA,0,0.108885631440466
"839","473",18,0,0,NA,NA,0,0.108885631440466
"840","473",19,0,0,NA,NA,0,0.108885631440466
"841","473",20,0,0,NA,NA,0,0.108885631440466
"842","473",21,0,0,NA,NA,0,0.108885631440466
"843","473",22,0,0,NA,NA,0,0.108885631440466
"844","473",23,0,0,NA,NA,0,0.108885631440466
"845","473",24,0,0,NA,NA,0,0.108885631440466
"846","473",25,0,0,NA,NA,0,0.108885631440466
"847","473",26,0,0,NA,NA,0,0.108885631440466
"848","473",27,0,0,NA,NA,0,0.108885631440466
"849","473",28,0,0,NA,NA,0,0.108885631440466
"850","473",29,0,0,NA,NA,0,0.108885631440466
"851","473",30,0,0,NA,NA,0,0.108885631440466
"852","473",31,0,0,NA,NA,0,0.108885631440466
"853","473",32,0,0,NA,NA,0,0.108885631440466
"854","473",33,0,0,NA,NA,0,0.108885631440466
"855","473",34,0,0,NA,NA,0,0.108885631440466
"856","473",35,0,0,NA,NA,0,0.108885631440466
"857","473",36,0,0,NA,NA,0,0.108885631440466
"858","473",37,0,0,NA,NA,0,0.108885631440466
"859","473",38,0,0,NA,NA,0,0.108885631440466
"860","473",39,0,0,NA,NA,0,0.108885631440466
"861","473",40,0,0,NA,NA,0,0.108885631440466
"862","475",0,8,0.444444444444444,1,1,0.444444444444444,0.569759461381734
"863","475",1,7,0.388888888888889,1,1,0.388888888888889,0.569759461381734
"864","475",2,2,0.111111111111111,1,1,0.111111111111111,0.569759461381734
"865","475",3,1,0.0555555555555556,1,1,0.0555555555555556,0.569759461381734
"866","475",4,0,0,NA,NA,0,0.569759461381734
"867","475",5,0,0,NA,NA,0,0.569759461381734
"868","475",6,0,0,NA,NA,0,0.569759461381734
"869","475",7,0,0,NA,NA,0,0.569759461381734
"870","475",8,0,0,NA,NA,0,0.569759461381734
"871","475",9,0,0,NA,NA,0,0.569759461381734
"872","475",10,0,0,NA,NA,0,0.569759461381734
"873","475",11,0,0,NA,NA,0,0.569759461381734
"874","475",12,0,0,NA,NA,0,0.569759461381734
"875","475",13,0,0,NA,NA,0,0.569759461381734
"876","475",14,0,0,NA,NA,0,0.569759461381734
"877","475",15,0,0,NA,NA,0,0.569759461381734
"878","475",16,0,0,NA,NA,0,0.569759461381734
"879","475",17,0,0,NA,NA,0,0.569759461381734
"880","475",18,0,0,NA,NA,0,0.569759461381734
"881","475",19,0,0,NA,NA,0,0.569759461381734
"882","475",20,0,0,NA,NA,0,0.569759461381734
"883","475",21,0,0,NA,NA,0,0.569759461381734
"884","475",22,0,0,NA,NA,0,0.569759461381734
"885","475",23,0,0,NA,NA,0,0.569759461381734
"886","475",24,0,0,NA,NA,0,0.569759461381734
"887","475",25,0,0,NA,NA,0,0.569759461381734
"888","475",26,0,0,NA,NA,0,0.569759461381734
"889","475",27,0,0,NA,NA,0,0.569759461381734
"890","475",28,0,0,NA,NA,0,0.569759461381734
"891","475",29,0,0,NA,NA,0,0.569759461381734
"892","475",30,0,0,NA,NA,0,0.569759461381734
"893","475",31,0,0,NA,NA,0,0.569759461381734
"894","475",32,0,0,NA,NA,0,0.569759461381734
"895","475",33,0,0,NA,NA,0,0.569759461381734
"896","475",34,0,0,NA,NA,0,0.569759461381734
"897","475",35,0,0,NA,NA,0,0.569759461381734
"898","475",36,0,0,NA,NA,0,0.569759461381734
"899","475",37,0,0,NA,NA,0,0.569759461381734
"900","475",38,0,0,NA,NA,0,0.569759461381734
"901","475",39,0,0,NA,NA,0,0.569759461381734
"902","475",40,0,0,NA,NA,0,0.569759461381734
"903","501",0,3,0.230769230769231,1,1,0.230769230769231,0.280666869713198
"904","501",1,6,0.461538461538462,1,1,0.461538461538462,0.280666869713198
"905","501",2,4,0.307692307692308,1,1,0.307692307692308,0.280666869713198
"906","501",3,0,0,NA,NA,0,0.280666869713198
"907","501",4,0,0,NA,NA,0,0.280666869713198
"908","501",5,0,0,NA,NA,0,0.280666869713198
"909","501",6,0,0,NA,NA,0,0.280666869713198
"910","501",7,0,0,NA,NA,0,0.280666869713198
"911","501",8,0,0,NA,NA,0,0.280666869713198
"912","501",9,0,0,NA,NA,0,0.280666869713198
"913","501",10,0,0,NA,NA,0,0.280666869713198
"914","501",11,0,0,NA,NA,0,0.280666869713198
"915","501",12,0,0,NA,NA,0,0.280666869713198
"916","501",13,0,0,NA,NA,0,0.280666869713198
"917","501",14,0,0,NA,NA,0,0.280666869713198
"918","501",15,0,0,NA,NA,0,0.280666869713198
"919","501",16,0,0,NA,NA,0,0.280666869713198
"920","501",17,0,0,NA,NA,0,0.280666869713198
"921","501",18,0,0,NA,NA,0,0.280666869713198
"922","501",19,0,0,NA,NA,0,0.280666869713198
"923","501",20,0,0,NA,NA,0,0.280666869713198
"924","501",21,0,0,NA,NA,0,0.280666869713198
"925","501",22,0,0,NA,NA,0,0.280666869713198
"926","501",23,0,0,NA,NA,0,0.280666869713198
"927","501",24,0,0,NA,NA,0,0.280666869713198
"928","501",25,0,0,NA,NA,0,0.280666869713198
"929","501",26,0,0,NA,NA,0,0.280666869713198
"930","501",27,0,0,NA,NA,0,0.280666869713198
"931","501",28,0,0,NA,NA,0,0.280666869713198
"932","501",29,0,0,NA,NA,0,0.280666869713198
"933","501",30,0,0,NA,NA,0,0.280666869713198
"934","501",31,0,0,NA,NA,0,0.280666869713198
"935","501",32,0,0,NA,NA,0,0.280666869713198
"936","501",33,0,0,NA,NA,0,0.280666869713198
"937","501",34,0,0,NA,NA,0,0.280666869713198
"938","501",35,0,0,NA,NA,0,0.280666869713198
"939","501",36,0,0,NA,NA,0,0.280666869713198
"940","501",37,0,0,NA,NA,0,0.280666869713198
"941","501",38,0,0,NA,NA,0,0.280666869713198
"942","501",39,0,0,NA,NA,0,0.280666869713198
"943","501",40,0,0,NA,NA,0,0.280666869713198
"944","518",0,12,0.6,1,1,0.6,0.0223363343041632
"945","518",1,7,0.35,1,1,0.35,0.0223363343041632
"946","518",2,1,0.05,1,1,0.05,0.0223363343041632
"947","518",3,0,0,NA,NA,0,0.0223363343041632
"948","518",4,0,0,NA,NA,0,0.0223363343041632
"949","518",5,0,0,NA,NA,0,0.0223363343041632
"950","518",6,0,0,NA,NA,0,0.0223363343041632
"951","518",7,0,0,NA,NA,0,0.0223363343041632
"952","518",8,0,0,NA,NA,0,0.0223363343041632
"953","518",9,0,0,NA,NA,0,0.0223363343041632
"954","518",10,0,0,NA,NA,0,0.0223363343041632
"955","518",11,0,0,NA,NA,0,0.0223363343041632
"956","518",12,0,0,NA,NA,0,0.0223363343041632
"957","518",13,0,0,NA,NA,0,0.0223363343041632
"958","518",14,0,0,NA,NA,0,0.0223363343041632
"959","518",15,0,0,NA,NA,0,0.0223363343041632
"960","518",16,0,0,NA,NA,0,0.0223363343041632
"961","518",17,0,0,NA,NA,0,0.0223363343041632
"962","518",18,0,0,NA,NA,0,0.0223363343041632
"963","518",19,0,0,NA,NA,0,0.0223363343041632
"964","518",20,0,0,NA,NA,0,0.0223363343041632
"965","518",21,0,0,NA,NA,0,0.0223363343041632
"966","518",22,0,0,NA,NA,0,0.0223363343041632
"967","518",23,0,0,NA,NA,0,0.0223363343041632
"968","518",24,0,0,NA,NA,0,0.0223363343041632
"969","518",25,0,0,NA,NA,0,0.0223363343041632
"970","518",26,0,0,NA,NA,0,0.0223363343041632
"971","518",27,0,0,NA,NA,0,0.0223363343041632
"972","518",28,0,0,NA,NA,0,0.0223363343041632
"973","518",29,0,0,NA,NA,0,0.0223363343041632
"974","518",30,0,0,NA,NA,0,0.0223363343041632
"975","518",31,0,0,NA,NA,0,0.0223363343041632
"976","518",32,0,0,NA,NA,0,0.0223363343041632
"977","518",33,0,0,NA,NA,0,0.0223363343041632
"978","518",34,0,0,NA,NA,0,0.0223363343041632
"979","518",35,0,0,NA,NA,0,0.0223363343041632
"980","518",36,0,0,NA,NA,0,0.0223363343041632
"981","518",37,0,0,NA,NA,0,0.0223363343041632
"982","518",38,0,0,NA,NA,0,0.0223363343041632
"983","518",39,0,0,NA,NA,0,0.0223363343041632
"984","518",40,0,0,NA,NA,0,0.0223363343041632
"985","520",0,0,0,NA,NA,0.0333333333333333,2.82869961796281
"986","520",1,1,0.0666666666666667,2,1,0.0333333333333333,2.82869961796281
"987","520",2,3,0.2,1,1,0.2,2.82869961796281
"988","520",3,1,0.0666666666666667,1,1,0.0666666666666667,2.82869961796281
"989","520",4,2,0.133333333333333,1,3,0.133333333333333,2.82869961796281
"990","520",5,0,0,NA,NA,0.0666666666666667,2.82869961796281
"991","520",6,0,0,NA,NA,0.0666666666666667,2.82869961796281
"992","520",7,3,0.2,3,2,0.0666666666666667,2.82869961796281
"993","520",8,0,0,NA,NA,0.1,2.82869961796281
"994","520",9,3,0.2,2,1,0.1,2.82869961796281
"995","520",10,1,0.0666666666666667,1,6,0.0666666666666667,2.82869961796281
"996","520",11,0,0,NA,NA,0.0111111111111111,2.82869961796281
"997","520",12,0,0,NA,NA,0.0111111111111111,2.82869961796281
"998","520",13,0,0,NA,NA,0.0111111111111111,2.82869961796281
"999","520",14,0,0,NA,NA,0.0111111111111111,2.82869961796281
"1000","520",15,0,0,NA,NA,0.0111111111111111,2.82869961796281
"1001","520",16,1,0.0666666666666667,6,1,0.0111111111111111,2.82869961796281
"1002","520",17,0,0,NA,NA,0,2.82869961796281
"1003","520",18,0,0,NA,NA,0,2.82869961796281
"1004","520",19,0,0,NA,NA,0,2.82869961796281
"1005","520",20,0,0,NA,NA,0,2.82869961796281
"1006","520",21,0,0,NA,NA,0,2.82869961796281
"1007","520",22,0,0,NA,NA,0,2.82869961796281
"1008","520",23,0,0,NA,NA,0,2.82869961796281
"1009","520",24,0,0,NA,NA,0,2.82869961796281
"1010","520",25,0,0,NA,NA,0,2.82869961796281
"1011","520",26,0,0,NA,NA,0,2.82869961796281
"1012","520",27,0,0,NA,NA,0,2.82869961796281
"1013","520",28,0,0,NA,NA,0,2.82869961796281
"1014","520",29,0,0,NA,NA,0,2.82869961796281
"1015","520",30,0,0,NA,NA,0,2.82869961796281
"1016","520",31,0,0,NA,NA,0,2.82869961796281
"1017","520",32,0,0,NA,NA,0,2.82869961796281
"1018","520",33,0,0,NA,NA,0,2.82869961796281
"1019","520",34,0,0,NA,NA,0,2.82869961796281
"1020","520",35,0,0,NA,NA,0,2.82869961796281
"1021","520",36,0,0,NA,NA,0,2.82869961796281
"1022","520",37,0,0,NA,NA,0,2.82869961796281
"1023","520",38,0,0,NA,NA,0,2.82869961796281
"1024","520",39,0,0,NA,NA,0,2.82869961796281
"1025","520",40,0,0,NA,NA,0,2.82869961796281
"1026","526",0,6,0.6,1,1,0.6,0.0223532132643486
"1027","526",1,1,0.1,1,3,0.1,0.0223532132643486
"1028","526",2,0,0,NA,NA,0.0666666666666667,0.0223532132643486
"1029","526",3,0,0,NA,NA,0.0666666666666667,0.0223532132643486
"1030","526",4,2,0.2,3,1,0.0666666666666667,0.0223532132643486
"1031","526",5,1,0.1,1,1,0.1,0.0223532132643486
"1032","526",6,0,0,NA,NA,0,0.0223532132643486
"1033","526",7,0,0,NA,NA,0,0.0223532132643486
"1034","526",8,0,0,NA,NA,0,0.0223532132643486
"1035","526",9,0,0,NA,NA,0,0.0223532132643486
"1036","526",10,0,0,NA,NA,0,0.0223532132643486
"1037","526",11,0,0,NA,NA,0,0.0223532132643486
"1038","526",12,0,0,NA,NA,0,0.0223532132643486
"1039","526",13,0,0,NA,NA,0,0.0223532132643486
"1040","526",14,0,0,NA,NA,0,0.0223532132643486
"1041","526",15,0,0,NA,NA,0,0.0223532132643486
"1042","526",16,0,0,NA,NA,0,0.0223532132643486
"1043","526",17,0,0,NA,NA,0,0.0223532132643486
"1044","526",18,0,0,NA,NA,0,0.0223532132643486
"1045","526",19,0,0,NA,NA,0,0.0223532132643486
"1046","526",20,0,0,NA,NA,0,0.0223532132643486
"1047","526",21,0,0,NA,NA,0,0.0223532132643486
"1048","526",22,0,0,NA,NA,0,0.0223532132643486
"1049","526",23,0,0,NA,NA,0,0.0223532132643486
"1050","526",24,0,0,NA,NA,0,0.0223532132643486
"1051","526",25,0,0,NA,NA,0,0.0223532132643486
"1052","526",26,0,0,NA,NA,0,0.0223532132643486
"1053","526",27,0,0,NA,NA,0,0.0223532132643486
"1054","526",28,0,0,NA,NA,0,0.0223532132643486
"1055","526",29,0,0,NA,NA,0,0.0223532132643486
"1056","526",30,0,0,NA,NA,0,0.0223532132643486
"1057","526",31,0,0,NA,NA,0,0.0223532132643486
"1058","526",32,0,0,NA,NA,0,0.0223532132643486
"1059","526",33,0,0,NA,NA,0,0.0223532132643486
"1060","526",34,0,0,NA,NA,0,0.0223532132643486
"1061","526",35,0,0,NA,NA,0,0.0223532132643486
"1062","526",36,0,0,NA,NA,0,0.0223532132643486
"1063","526",37,0,0,NA,NA,0,0.0223532132643486
"1064","526",38,0,0,NA,NA,0,0.0223532132643486
"1065","526",39,0,0,NA,NA,0,0.0223532132643486
"1066","526",40,0,0,NA,NA,0,0.0223532132643486
"1067","558",0,6,0.352941176470588,1,1,0.352941176470588,1.14619392898968
"1068","558",1,2,0.117647058823529,1,1,0.117647058823529,1.14619392898968
"1069","558",2,4,0.235294117647059,1,1,0.235294117647059,1.14619392898968
"1070","558",3,3,0.176470588235294,1,2,0.176470588235294,1.14619392898968
"1071","558",4,0,0,NA,NA,0.0294117647058824,1.14619392898968
"1072","558",5,1,0.0588235294117647,2,1,0.0294117647058824,1.14619392898968
"1073","558",6,1,0.0588235294117647,1,1,0.0588235294117647,1.14619392898968
"1074","558",7,0,0,NA,NA,0,1.14619392898968
"1075","558",8,0,0,NA,NA,0,1.14619392898968
"1076","558",9,0,0,NA,NA,0,1.14619392898968
"1077","558",10,0,0,NA,NA,0,1.14619392898968
"1078","558",11,0,0,NA,NA,0,1.14619392898968
"1079","558",12,0,0,NA,NA,0,1.14619392898968
"1080","558",13,0,0,NA,NA,0,1.14619392898968
"1081","558",14,0,0,NA,NA,0,1.14619392898968
"1082","558",15,0,0,NA,NA,0,1.14619392898968
"1083","558",16,0,0,NA,NA,0,1.14619392898968
"1084","558",17,0,0,NA,NA,0,1.14619392898968
"1085","558",18,0,0,NA,NA,0,1.14619392898968
"1086","558",19,0,0,NA,NA,0,1.14619392898968
"1087","558",20,0,0,NA,NA,0,1.14619392898968
"1088","558",21,0,0,NA,NA,0,1.14619392898968
"1089","558",22,0,0,NA,NA,0,1.14619392898968
"1090","558",23,0,0,NA,NA,0,1.14619392898968
"1091","558",24,0,0,NA,NA,0,1.14619392898968
"1092","558",25,0,0,NA,NA,0,1.14619392898968
"1093","558",26,0,0,NA,NA,0,1.14619392898968
"1094","558",27,0,0,NA,NA,0,1.14619392898968
"1095","558",28,0,0,NA,NA,0,1.14619392898968
"1096","558",29,0,0,NA,NA,0,1.14619392898968
"1097","558",30,0,0,NA,NA,0,1.14619392898968
"1098","558",31,0,0,NA,NA,0,1.14619392898968
"1099","558",32,0,0,NA,NA,0,1.14619392898968
"1100","558",33,0,0,NA,NA,0,1.14619392898968
"1101","558",34,0,0,NA,NA,0,1.14619392898968
"1102","558",35,0,0,NA,NA,0,1.14619392898968
"1103","558",36,0,0,NA,NA,0,1.14619392898968
"1104","558",37,0,0,NA,NA,0,1.14619392898968
"1105","558",38,0,0,NA,NA,0,1.14619392898968
"1106","558",39,0,0,NA,NA,0,1.14619392898968
"1107","558",40,0,0,NA,NA,0,1.14619392898968
"1108","587",0,2,0.08,1,1,0.08,0.949034643335069
"1109","587",1,9,0.36,1,1,0.36,0.949034643335069
"1110","587",2,5,0.2,1,1,0.2,0.949034643335069
"1111","587",3,1,0.04,1,1,0.04,0.949034643335069
"1112","587",4,5,0.2,1,1,0.2,0.949034643335069
"1113","587",5,1,0.04,1,1,0.04,0.949034643335069
"1114","587",6,2,0.08,1,1,0.08,0.949034643335069
"1115","587",7,0,0,NA,NA,0,0.949034643335069
"1116","587",8,0,0,NA,NA,0,0.949034643335069
"1117","587",9,0,0,NA,NA,0,0.949034643335069
"1118","587",10,0,0,NA,NA,0,0.949034643335069
"1119","587",11,0,0,NA,NA,0,0.949034643335069
"1120","587",12,0,0,NA,NA,0,0.949034643335069
"1121","587",13,0,0,NA,NA,0,0.949034643335069
"1122","587",14,0,0,NA,NA,0,0.949034643335069
"1123","587",15,0,0,NA,NA,0,0.949034643335069
"1124","587",16,0,0,NA,NA,0,0.949034643335069
"1125","587",17,0,0,NA,NA,0,0.949034643335069
"1126","587",18,0,0,NA,NA,0,0.949034643335069
"1127","587",19,0,0,NA,NA,0,0.949034643335069
"1128","587",20,0,0,NA,NA,0,0.949034643335069
"1129","587",21,0,0,NA,NA,0,0.949034643335069
"1130","587",22,0,0,NA,NA,0,0.949034643335069
"1131","587",23,0,0,NA,NA,0,0.949034643335069
"1132","587",24,0,0,NA,NA,0,0.949034643335069
"1133","587",25,0,0,NA,NA,0,0.949034643335069
"1134","587",26,0,0,NA,NA,0,0.949034643335069
"1135","587",27,0,0,NA,NA,0,0.949034643335069
"1136","587",28,0,0,NA,NA,0,0.949034643335069
"1137","587",29,0,0,NA,NA,0,0.949034643335069
"1138","587",30,0,0,NA,NA,0,0.949034643335069
"1139","587",31,0,0,NA,NA,0,0.949034643335069
"1140","587",32,0,0,NA,NA,0,0.949034643335069
"1141","587",33,0,0,NA,NA,0,0.949034643335069
"1142","587",34,0,0,NA,NA,0,0.949034643335069
"1143","587",35,0,0,NA,NA,0,0.949034643335069
"1144","587",36,0,0,NA,NA,0,0.949034643335069
"1145","587",37,0,0,NA,NA,0,0.949034643335069
"1146","587",38,0,0,NA,NA,0,0.949034643335069
"1147","587",39,0,0,NA,NA,0,0.949034643335069
"1148","587",40,0,0,NA,NA,0,0.949034643335069
"1149","595",0,13,0.393939393939394,1,1,0.393939393939394,1.36832532232656
"1150","595",1,4,0.121212121212121,1,1,0.121212121212121,1.36832532232656
"1151","595",2,2,0.0606060606060606,1,1,0.0606060606060606,1.36832532232656
"1152","595",3,2,0.0606060606060606,1,1,0.0606060606060606,1.36832532232656
"1153","595",4,2,0.0606060606060606,1,1,0.0606060606060606,1.36832532232656
"1154","595",5,1,0.0303030303030303,1,1,0.0303030303030303,1.36832532232656
"1155","595",6,2,0.0606060606060606,1,2,0.0606060606060606,1.36832532232656
"1156","595",7,0,0,NA,NA,0.0151515151515152,1.36832532232656
"1157","595",8,1,0.0303030303030303,2,1,0.0151515151515152,1.36832532232656
"1158","595",9,1,0.0303030303030303,1,1,0.0303030303030303,1.36832532232656
"1159","595",10,1,0.0303030303030303,1,11,0.0303030303030303,1.36832532232656
"1160","595",11,0,0,NA,NA,0.00550964187327824,1.36832532232656
"1161","595",12,0,0,NA,NA,0.00550964187327824,1.36832532232656
"1162","595",13,0,0,NA,NA,0.00550964187327824,1.36832532232656
"1163","595",14,0,0,NA,NA,0.00550964187327824,1.36832532232656
"1164","595",15,0,0,NA,NA,0.00550964187327824,1.36832532232656
"1165","595",16,0,0,NA,NA,0.00550964187327824,1.36832532232656
"1166","595",17,0,0,NA,NA,0.00550964187327824,1.36832532232656
"1167","595",18,0,0,NA,NA,0.00550964187327824,1.36832532232656
"1168","595",19,0,0,NA,NA,0.00550964187327824,1.36832532232656
"1169","595",20,0,0,NA,NA,0.00550964187327824,1.36832532232656
"1170","595",21,2,0.0606060606060606,11,16,0.00550964187327824,1.36832532232656
"1171","595",22,0,0,NA,NA,0.00189393939393939,1.36832532232656
"1172","595",23,0,0,NA,NA,0.00189393939393939,1.36832532232656
"1173","595",24,0,0,NA,NA,0.00189393939393939,1.36832532232656
"1174","595",25,0,0,NA,NA,0.00189393939393939,1.36832532232656
"1175","595",26,0,0,NA,NA,0.00189393939393939,1.36832532232656
"1176","595",27,0,0,NA,NA,0.00189393939393939,1.36832532232656
"1177","595",28,0,0,NA,NA,0.00189393939393939,1.36832532232656
"1178","595",29,0,0,NA,NA,0.00189393939393939,1.36832532232656
"1179","595",30,0,0,NA,NA,0.00189393939393939,1.36832532232656
"1180","595",31,0,0,NA,NA,0.00189393939393939,1.36832532232656
"1181","595",32,0,0,NA,NA,0.00189393939393939,1.36832532232656
"1182","595",33,0,0,NA,NA,0.00189393939393939,1.36832532232656
"1183","595",34,0,0,NA,NA,0.00189393939393939,1.36832532232656
"1184","595",35,0,0,NA,NA,0.00189393939393939,1.36832532232656
"1185","595",36,0,0,NA,NA,0.00189393939393939,1.36832532232656
"1186","595",37,1,0.0303030303030303,16,9,0.00189393939393939,1.36832532232656
"1187","595",38,0,0,NA,NA,0,1.36832532232656
"1188","595",39,0,0,NA,NA,0,1.36832532232656
"1189","595",40,0,0,NA,NA,0,1.36832532232656
"1190","621",0,6,0.176470588235294,1,1,0.176470588235294,1.0877811249243
"1191","621",1,8,0.235294117647059,1,1,0.235294117647059,1.0877811249243
"1192","621",2,9,0.264705882352941,1,1,0.264705882352941,1.0877811249243
"1193","621",3,1,0.0294117647058824,1,1,0.0294117647058824,1.0877811249243
"1194","621",4,2,0.0588235294117647,1,1,0.0588235294117647,1.0877811249243
"1195","621",5,1,0.0294117647058824,1,1,0.0294117647058824,1.0877811249243
"1196","621",6,1,0.0294117647058824,1,1,0.0294117647058824,1.0877811249243
"1197","621",7,1,0.0294117647058824,1,3,0.0294117647058824,1.0877811249243
"1198","621",8,0,0,NA,NA,0.0196078431372549,1.0877811249243
"1199","621",9,0,0,NA,NA,0.0196078431372549,1.0877811249243
"1200","621",10,2,0.0588235294117647,3,8,0.0196078431372549,1.0877811249243
"1201","621",11,0,0,NA,NA,0.00367647058823529,1.0877811249243
"1202","621",12,0,0,NA,NA,0.00367647058823529,1.0877811249243
"1203","621",13,0,0,NA,NA,0.00367647058823529,1.0877811249243
"1204","621",14,0,0,NA,NA,0.00367647058823529,1.0877811249243
"1205","621",15,0,0,NA,NA,0.00367647058823529,1.0877811249243
"1206","621",16,0,0,NA,NA,0.00367647058823529,1.0877811249243
"1207","621",17,0,0,NA,NA,0.00367647058823529,1.0877811249243
"1208","621",18,1,0.0294117647058824,8,2,0.00367647058823529,1.0877811249243
"1209","621",19,0,0,NA,NA,0.0147058823529412,1.0877811249243
"1210","621",20,1,0.0294117647058824,2,3,0.0147058823529412,1.0877811249243
"1211","621",21,0,0,NA,NA,0.00980392156862745,1.0877811249243
"1212","621",22,0,0,NA,NA,0.00980392156862745,1.0877811249243
"1213","621",23,1,0.0294117647058824,3,1,0.00980392156862745,1.0877811249243
"1214","621",24,0,0,NA,NA,0,1.0877811249243
"1215","621",25,0,0,NA,NA,0,1.0877811249243
"1216","621",26,0,0,NA,NA,0,1.0877811249243
"1217","621",27,0,0,NA,NA,0,1.0877811249243
"1218","621",28,0,0,NA,NA,0,1.0877811249243
"1219","621",29,0,0,NA,NA,0,1.0877811249243
"1220","621",30,0,0,NA,NA,0,1.0877811249243
"1221","621",31,0,0,NA,NA,0,1.0877811249243
"1222","621",32,0,0,NA,NA,0,1.0877811249243
"1223","621",33,0,0,NA,NA,0,1.0877811249243
"1224","621",34,0,0,NA,NA,0,1.0877811249243
"1225","621",35,0,0,NA,NA,0,1.0877811249243
"1226","621",36,0,0,NA,NA,0,1.0877811249243
"1227","621",37,0,0,NA,NA,0,1.0877811249243
"1228","621",38,0,0,NA,NA,0,1.0877811249243
"1229","621",39,0,0,NA,NA,0,1.0877811249243
"1230","621",40,0,0,NA,NA,0,1.0877811249243
"1231","623",0,6,0.272727272727273,1,1,0.272727272727273,0.656076718933437
"1232","623",1,8,0.363636363636364,1,1,0.363636363636364,0.656076718933437
"1233","623",2,3,0.136363636363636,1,1,0.136363636363636,0.656076718933437
"1234","623",3,2,0.0909090909090909,1,1,0.0909090909090909,0.656076718933437
"1235","623",4,1,0.0454545454545455,1,2,0.0454545454545455,0.656076718933437
"1236","623",5,0,0,NA,NA,0.0454545454545455,0.656076718933437
"1237","623",6,2,0.0909090909090909,2,1,0.0454545454545455,0.656076718933437
"1238","623",7,0,0,NA,NA,0,0.656076718933437
"1239","623",8,0,0,NA,NA,0,0.656076718933437
"1240","623",9,0,0,NA,NA,0,0.656076718933437
"1241","623",10,0,0,NA,NA,0,0.656076718933437
"1242","623",11,0,0,NA,NA,0,0.656076718933437
"1243","623",12,0,0,NA,NA,0,0.656076718933437
"1244","623",13,0,0,NA,NA,0,0.656076718933437
"1245","623",14,0,0,NA,NA,0,0.656076718933437
"1246","623",15,0,0,NA,NA,0,0.656076718933437
"1247","623",16,0,0,NA,NA,0,0.656076718933437
"1248","623",17,0,0,NA,NA,0,0.656076718933437
"1249","623",18,0,0,NA,NA,0,0.656076718933437
"1250","623",19,0,0,NA,NA,0,0.656076718933437
"1251","623",20,0,0,NA,NA,0,0.656076718933437
"1252","623",21,0,0,NA,NA,0,0.656076718933437
"1253","623",22,0,0,NA,NA,0,0.656076718933437
"1254","623",23,0,0,NA,NA,0,0.656076718933437
"1255","623",24,0,0,NA,NA,0,0.656076718933437
"1256","623",25,0,0,NA,NA,0,0.656076718933437
"1257","623",26,0,0,NA,NA,0,0.656076718933437
"1258","623",27,0,0,NA,NA,0,0.656076718933437
"1259","623",28,0,0,NA,NA,0,0.656076718933437
"1260","623",29,0,0,NA,NA,0,0.656076718933437
"1261","623",30,0,0,NA,NA,0,0.656076718933437
"1262","623",31,0,0,NA,NA,0,0.656076718933437
"1263","623",32,0,0,NA,NA,0,0.656076718933437
"1264","623",33,0,0,NA,NA,0,0.656076718933437
"1265","623",34,0,0,NA,NA,0,0.656076718933437
"1266","623",35,0,0,NA,NA,0,0.656076718933437
"1267","623",36,0,0,NA,NA,0,0.656076718933437
"1268","623",37,0,0,NA,NA,0,0.656076718933437
"1269","623",38,0,0,NA,NA,0,0.656076718933437
"1270","623",39,0,0,NA,NA,0,0.656076718933437
"1271","623",40,0,0,NA,NA,0,0.656076718933437
"1272","653",0,1,0.125,1,1,0.125,0.01
"1273","653",1,4,0.5,1,1,0.5,0.01
"1274","653",2,2,0.25,1,2,0.25,0.01
"1275","653",3,0,0,NA,NA,0.0625,0.01
"1276","653",4,1,0.125,2,1,0.0625,0.01
"1277","653",5,0,0,NA,NA,0,0.01
"1278","653",6,0,0,NA,NA,0,0.01
"1279","653",7,0,0,NA,NA,0,0.01
"1280","653",8,0,0,NA,NA,0,0.01
"1281","653",9,0,0,NA,NA,0,0.01
"1282","653",10,0,0,NA,NA,0,0.01
"1283","653",11,0,0,NA,NA,0,0.01
"1284","653",12,0,0,NA,NA,0,0.01
"1285","653",13,0,0,NA,NA,0,0.01
"1286","653",14,0,0,NA,NA,0,0.01
"1287","653",15,0,0,NA,NA,0,0.01
"1288","653",16,0,0,NA,NA,0,0.01
"1289","653",17,0,0,NA,NA,0,0.01
"1290","653",18,0,0,NA,NA,0,0.01
"1291","653",19,0,0,NA,NA,0,0.01
"1292","653",20,0,0,NA,NA,0,0.01
"1293","653",21,0,0,NA,NA,0,0.01
"1294","653",22,0,0,NA,NA,0,0.01
"1295","653",23,0,0,NA,NA,0,0.01
"1296","653",24,0,0,NA,NA,0,0.01
"1297","653",25,0,0,NA,NA,0,0.01
"1298","653",26,0,0,NA,NA,0,0.01
"1299","653",27,0,0,NA,NA,0,0.01
"1300","653",28,0,0,NA,NA,0,0.01
"1301","653",29,0,0,NA,NA,0,0.01
"1302","653",30,0,0,NA,NA,0,0.01
"1303","653",31,0,0,NA,NA,0,0.01
"1304","653",32,0,0,NA,NA,0,0.01
"1305","653",33,0,0,NA,NA,0,0.01
"1306","653",34,0,0,NA,NA,0,0.01
"1307","653",35,0,0,NA,NA,0,0.01
"1308","653",36,0,0,NA,NA,0,0.01
"1309","653",37,0,0,NA,NA,0,0.01
"1310","653",38,0,0,NA,NA,0,0.01
"1311","653",39,0,0,NA,NA,0,0.01
"1312","653",40,0,0,NA,NA,0,0.01
"1313","657",0,5,0.5,1,2,0.5,0.168890689596132
"1314","657",1,0,0,NA,NA,0.1,0.168890689596132
"1315","657",2,2,0.2,2,2,0.1,0.168890689596132
"1316","657",3,0,0,NA,NA,0.05,0.168890689596132
"1317","657",4,1,0.1,2,2,0.05,0.168890689596132
"1318","657",5,0,0,NA,NA,0.05,0.168890689596132
"1319","657",6,1,0.1,2,1,0.05,0.168890689596132
"1320","657",7,1,0.1,1,1,0.1,0.168890689596132
"1321","657",8,0,0,NA,NA,0,0.168890689596132
"1322","657",9,0,0,NA,NA,0,0.168890689596132
"1323","657",10,0,0,NA,NA,0,0.168890689596132
"1324","657",11,0,0,NA,NA,0,0.168890689596132
"1325","657",12,0,0,NA,NA,0,0.168890689596132
"1326","657",13,0,0,NA,NA,0,0.168890689596132
"1327","657",14,0,0,NA,NA,0,0.168890689596132
"1328","657",15,0,0,NA,NA,0,0.168890689596132
"1329","657",16,0,0,NA,NA,0,0.168890689596132
"1330","657",17,0,0,NA,NA,0,0.168890689596132
"1331","657",18,0,0,NA,NA,0,0.168890689596132
"1332","657",19,0,0,NA,NA,0,0.168890689596132
"1333","657",20,0,0,NA,NA,0,0.168890689596132
"1334","657",21,0,0,NA,NA,0,0.168890689596132
"1335","657",22,0,0,NA,NA,0,0.168890689596132
"1336","657",23,0,0,NA,NA,0,0.168890689596132
"1337","657",24,0,0,NA,NA,0,0.168890689596132
"1338","657",25,0,0,NA,NA,0,0.168890689596132
"1339","657",26,0,0,NA,NA,0,0.168890689596132
"1340","657",27,0,0,NA,NA,0,0.168890689596132
"1341","657",28,0,0,NA,NA,0,0.168890689596132
"1342","657",29,0,0,NA,NA,0,0.168890689596132
"1343","657",30,0,0,NA,NA,0,0.168890689596132
"1344","657",31,0,0,NA,NA,0,0.168890689596132
"1345","657",32,0,0,NA,NA,0,0.168890689596132
"1346","657",33,0,0,NA,NA,0,0.168890689596132
"1347","657",34,0,0,NA,NA,0,0.168890689596132
"1348","657",35,0,0,NA,NA,0,0.168890689596132
"1349","657",36,0,0,NA,NA,0,0.168890689596132
"1350","657",37,0,0,NA,NA,0,0.168890689596132
"1351","657",38,0,0,NA,NA,0,0.168890689596132
"1352","657",39,0,0,NA,NA,0,0.168890689596132
"1353","657",40,0,0,NA,NA,0,0.168890689596132
"1354","671",0,8,0.727272727272727,1,1,0.727272727272727,0.0148731831439171
"1355","671",1,1,0.0909090909090909,1,1,0.0909090909090909,0.0148731831439171
"1356","671",2,1,0.0909090909090909,1,2,0.0909090909090909,0.0148731831439171
"1357","671",3,0,0,NA,NA,0.0454545454545455,0.0148731831439171
"1358","671",4,1,0.0909090909090909,2,1,0.0454545454545455,0.0148731831439171
"1359","671",5,0,0,NA,NA,0,0.0148731831439171
"1360","671",6,0,0,NA,NA,0,0.0148731831439171
"1361","671",7,0,0,NA,NA,0,0.0148731831439171
"1362","671",8,0,0,NA,NA,0,0.0148731831439171
"1363","671",9,0,0,NA,NA,0,0.0148731831439171
"1364","671",10,0,0,NA,NA,0,0.0148731831439171
"1365","671",11,0,0,NA,NA,0,0.0148731831439171
"1366","671",12,0,0,NA,NA,0,0.0148731831439171
"1367","671",13,0,0,NA,NA,0,0.0148731831439171
"1368","671",14,0,0,NA,NA,0,0.0148731831439171
"1369","671",15,0,0,NA,NA,0,0.0148731831439171
"1370","671",16,0,0,NA,NA,0,0.0148731831439171
"1371","671",17,0,0,NA,NA,0,0.0148731831439171
"1372","671",18,0,0,NA,NA,0,0.0148731831439171
"1373","671",19,0,0,NA,NA,0,0.0148731831439171
"1374","671",20,0,0,NA,NA,0,0.0148731831439171
"1375","671",21,0,0,NA,NA,0,0.0148731831439171
"1376","671",22,0,0,NA,NA,0,0.0148731831439171
"1377","671",23,0,0,NA,NA,0,0.0148731831439171
"1378","671",24,0,0,NA,NA,0,0.0148731831439171
"1379","671",25,0,0,NA,NA,0,0.0148731831439171
"1380","671",26,0,0,NA,NA,0,0.0148731831439171
"1381","671",27,0,0,NA,NA,0,0.0148731831439171
"1382","671",28,0,0,NA,NA,0,0.0148731831439171
"1383","671",29,0,0,NA,NA,0,0.0148731831439171
"1384","671",30,0,0,NA,NA,0,0.0148731831439171
"1385","671",31,0,0,NA,NA,0,0.0148731831439171
"1386","671",32,0,0,NA,NA,0,0.0148731831439171
"1387","671",33,0,0,NA,NA,0,0.0148731831439171
"1388","671",34,0,0,NA,NA,0,0.0148731831439171
"1389","671",35,0,0,NA,NA,0,0.0148731831439171
"1390","671",36,0,0,NA,NA,0,0.0148731831439171
"1391","671",37,0,0,NA,NA,0,0.0148731831439171
"1392","671",38,0,0,NA,NA,0,0.0148731831439171
"1393","671",39,0,0,NA,NA,0,0.0148731831439171
"1394","671",40,0,0,NA,NA,0,0.0148731831439171
"1395","673",0,7,0.184210526315789,1,1,0.184210526315789,1.67083760469333
"1396","673",1,6,0.157894736842105,1,1,0.157894736842105,1.67083760469333
"1397","673",2,4,0.105263157894737,1,1,0.105263157894737,1.67083760469333
"1398","673",3,4,0.105263157894737,1,1,0.105263157894737,1.67083760469333
"1399","673",4,8,0.210526315789474,1,1,0.210526315789474,1.67083760469333
"1400","673",5,4,0.105263157894737,1,1,0.105263157894737,1.67083760469333
"1401","673",6,1,0.0263157894736842,1,1,0.0263157894736842,1.67083760469333
"1402","673",7,1,0.0263157894736842,1,1,0.0263157894736842,1.67083760469333
"1403","673",8,1,0.0263157894736842,1,7,0.0263157894736842,1.67083760469333
"1404","673",9,0,0,NA,NA,0.0037593984962406,1.67083760469333
"1405","673",10,0,0,NA,NA,0.0037593984962406,1.67083760469333
"1406","673",11,0,0,NA,NA,0.0037593984962406,1.67083760469333
"1407","673",12,0,0,NA,NA,0.0037593984962406,1.67083760469333
"1408","673",13,0,0,NA,NA,0.0037593984962406,1.67083760469333
"1409","673",14,0,0,NA,NA,0.0037593984962406,1.67083760469333
"1410","673",15,1,0.0263157894736842,7,8,0.0037593984962406,1.67083760469333
"1411","673",16,0,0,NA,NA,0.00328947368421053,1.67083760469333
"1412","673",17,0,0,NA,NA,0.00328947368421053,1.67083760469333
"1413","673",18,0,0,NA,NA,0.00328947368421053,1.67083760469333
"1414","673",19,0,0,NA,NA,0.00328947368421053,1.67083760469333
"1415","673",20,0,0,NA,NA,0.00328947368421053,1.67083760469333
"1416","673",21,0,0,NA,NA,0.00328947368421053,1.67083760469333
"1417","673",22,0,0,NA,NA,0.00328947368421053,1.67083760469333
"1418","673",23,1,0.0263157894736842,8,1,0.00328947368421053,1.67083760469333
"1419","673",24,0,0,NA,NA,0,1.67083760469333
"1420","673",25,0,0,NA,NA,0,1.67083760469333
"1421","673",26,0,0,NA,NA,0,1.67083760469333
"1422","673",27,0,0,NA,NA,0,1.67083760469333
"1423","673",28,0,0,NA,NA,0,1.67083760469333
"1424","673",29,0,0,NA,NA,0,1.67083760469333
"1425","673",30,0,0,NA,NA,0,1.67083760469333
"1426","673",31,0,0,NA,NA,0,1.67083760469333
"1427","673",32,0,0,NA,NA,0,1.67083760469333
"1428","673",33,0,0,NA,NA,0,1.67083760469333
"1429","673",34,0,0,NA,NA,0,1.67083760469333
"1430","673",35,0,0,NA,NA,0,1.67083760469333
"1431","673",36,0,0,NA,NA,0,1.67083760469333
"1432","673",37,0,0,NA,NA,0,1.67083760469333
"1433","673",38,0,0,NA,NA,0,1.67083760469333
"1434","673",39,0,0,NA,NA,0,1.67083760469333
"1435","673",40,0,0,NA,NA,0,1.67083760469333
"1436","685",0,0,0,NA,NA,0.0909090909090909,1.90335436885436
"1437","685",1,2,0.181818181818182,2,1,0.0909090909090909,1.90335436885436
"1438","685",2,2,0.181818181818182,1,1,0.181818181818182,1.90335436885436
"1439","685",3,2,0.181818181818182,1,2,0.181818181818182,1.90335436885436
"1440","685",4,0,0,NA,NA,0.0454545454545455,1.90335436885436
"1441","685",5,1,0.0909090909090909,2,2,0.0454545454545455,1.90335436885436
"1442","685",6,0,0,NA,NA,0.0454545454545455,1.90335436885436
"1443","685",7,1,0.0909090909090909,2,1,0.0454545454545455,1.90335436885436
"1444","685",8,1,0.0909090909090909,1,1,0.0909090909090909,1.90335436885436
"1445","685",9,1,0.0909090909090909,1,3,0.0909090909090909,1.90335436885436
"1446","685",10,0,0,NA,NA,0.0303030303030303,1.90335436885436
"1447","685",11,0,0,NA,NA,0.0303030303030303,1.90335436885436
"1448","685",12,1,0.0909090909090909,3,1,0.0303030303030303,1.90335436885436
"1449","685",13,0,0,NA,NA,0,1.90335436885436
"1450","685",14,0,0,NA,NA,0,1.90335436885436
"1451","685",15,0,0,NA,NA,0,1.90335436885436
"1452","685",16,0,0,NA,NA,0,1.90335436885436
"1453","685",17,0,0,NA,NA,0,1.90335436885436
"1454","685",18,0,0,NA,NA,0,1.90335436885436
"1455","685",19,0,0,NA,NA,0,1.90335436885436
"1456","685",20,0,0,NA,NA,0,1.90335436885436
"1457","685",21,0,0,NA,NA,0,1.90335436885436
"1458","685",22,0,0,NA,NA,0,1.90335436885436
"1459","685",23,0,0,NA,NA,0,1.90335436885436
"1460","685",24,0,0,NA,NA,0,1.90335436885436
"1461","685",25,0,0,NA,NA,0,1.90335436885436
"1462","685",26,0,0,NA,NA,0,1.90335436885436
"1463","685",27,0,0,NA,NA,0,1.90335436885436
"1464","685",28,0,0,NA,NA,0,1.90335436885436
"1465","685",29,0,0,NA,NA,0,1.90335436885436
"1466","685",30,0,0,NA,NA,0,1.90335436885436
"1467","685",31,0,0,NA,NA,0,1.90335436885436
"1468","685",32,0,0,NA,NA,0,1.90335436885436
"1469","685",33,0,0,NA,NA,0,1.90335436885436
"1470","685",34,0,0,NA,NA,0,1.90335436885436
"1471","685",35,0,0,NA,NA,0,1.90335436885436
"1472","685",36,0,0,NA,NA,0,1.90335436885436
"1473","685",37,0,0,NA,NA,0,1.90335436885436
"1474","685",38,0,0,NA,NA,0,1.90335436885436
"1475","685",39,0,0,NA,NA,0,1.90335436885436
"1476","685",40,0,0,NA,NA,0,1.90335436885436
"1477","687",0,11,0.244444444444444,1,1,0.244444444444444,0.977435740842112
"1478","687",1,12,0.266666666666667,1,1,0.266666666666667,0.977435740842112
"1479","687",2,9,0.2,1,1,0.2,0.977435740842112
"1480","687",3,2,0.0444444444444444,1,1,0.0444444444444444,0.977435740842112
"1481","687",4,6,0.133333333333333,1,1,0.133333333333333,0.977435740842112
"1482","687",5,1,0.0222222222222222,1,1,0.0222222222222222,0.977435740842112
"1483","687",6,1,0.0222222222222222,1,1,0.0222222222222222,0.977435740842112
"1484","687",7,2,0.0444444444444444,1,3,0.0444444444444444,0.977435740842112
"1485","687",8,0,0,NA,NA,0.00740740740740741,0.977435740842112
"1486","687",9,0,0,NA,NA,0.00740740740740741,0.977435740842112
"1487","687",10,1,0.0222222222222222,3,1,0.00740740740740741,0.977435740842112
"1488","687",11,0,0,NA,NA,0,0.977435740842112
"1489","687",12,0,0,NA,NA,0,0.977435740842112
"1490","687",13,0,0,NA,NA,0,0.977435740842112
"1491","687",14,0,0,NA,NA,0,0.977435740842112
"1492","687",15,0,0,NA,NA,0,0.977435740842112
"1493","687",16,0,0,NA,NA,0,0.977435740842112
"1494","687",17,0,0,NA,NA,0,0.977435740842112
"1495","687",18,0,0,NA,NA,0,0.977435740842112
"1496","687",19,0,0,NA,NA,0,0.977435740842112
"1497","687",20,0,0,NA,NA,0,0.977435740842112
"1498","687",21,0,0,NA,NA,0,0.977435740842112
"1499","687",22,0,0,NA,NA,0,0.977435740842112
"1500","687",23,0,0,NA,NA,0,0.977435740842112
"1501","687",24,0,0,NA,NA,0,0.977435740842112
"1502","687",25,0,0,NA,NA,0,0.977435740842112
"1503","687",26,0,0,NA,NA,0,0.977435740842112
"1504","687",27,0,0,NA,NA,0,0.977435740842112
"1505","687",28,0,0,NA,NA,0,0.977435740842112
"1506","687",29,0,0,NA,NA,0,0.977435740842112
"1507","687",30,0,0,NA,NA,0,0.977435740842112
"1508","687",31,0,0,NA,NA,0,0.977435740842112
"1509","687",32,0,0,NA,NA,0,0.977435740842112
"1510","687",33,0,0,NA,NA,0,0.977435740842112
"1511","687",34,0,0,NA,NA,0,0.977435740842112
"1512","687",35,0,0,NA,NA,0,0.977435740842112
"1513","687",36,0,0,NA,NA,0,0.977435740842112
"1514","687",37,0,0,NA,NA,0,0.977435740842112
"1515","687",38,0,0,NA,NA,0,0.977435740842112
"1516","687",39,0,0,NA,NA,0,0.977435740842112
"1517","687",40,0,0,NA,NA,0,0.977435740842112
"1518","716",0,9,0.157894736842105,1,1,0.157894736842105,1.06285463731792
"1519","716",1,19,0.333333333333333,1,1,0.333333333333333,1.06285463731792
"1520","716",2,7,0.12280701754386,1,1,0.12280701754386,1.06285463731792
"1521","716",3,3,0.0526315789473684,1,1,0.0526315789473684,1.06285463731792
"1522","716",4,7,0.12280701754386,1,1,0.12280701754386,1.06285463731792
"1523","716",5,3,0.0526315789473684,1,2,0.0526315789473684,1.06285463731792
"1524","716",6,0,0,NA,NA,0.0175438596491228,1.06285463731792
"1525","716",7,2,0.0350877192982456,2,4,0.0175438596491228,1.06285463731792
"1526","716",8,0,0,NA,NA,0.0043859649122807,1.06285463731792
"1527","716",9,0,0,NA,NA,0.0043859649122807,1.06285463731792
"1528","716",10,0,0,NA,NA,0.0043859649122807,1.06285463731792
"1529","716",11,1,0.0175438596491228,4,1,0.0043859649122807,1.06285463731792
"1530","716",12,2,0.0350877192982456,1,3,0.0350877192982456,1.06285463731792
"1531","716",13,0,0,NA,NA,0.00584795321637427,1.06285463731792
"1532","716",14,0,0,NA,NA,0.00584795321637427,1.06285463731792
"1533","716",15,1,0.0175438596491228,3,1,0.00584795321637427,1.06285463731792
"1534","716",16,1,0.0175438596491228,1,1,0.0175438596491228,1.06285463731792
"1535","716",17,1,0.0175438596491228,1,2,0.0175438596491228,1.06285463731792
"1536","716",18,0,0,NA,NA,0.0087719298245614,1.06285463731792
"1537","716",19,1,0.0175438596491228,2,1,0.0087719298245614,1.06285463731792
"1538","716",20,0,0,NA,NA,0,1.06285463731792
"1539","716",21,0,0,NA,NA,0,1.06285463731792
"1540","716",22,0,0,NA,NA,0,1.06285463731792
"1541","716",23,0,0,NA,NA,0,1.06285463731792
"1542","716",24,0,0,NA,NA,0,1.06285463731792
"1543","716",25,0,0,NA,NA,0,1.06285463731792
"1544","716",26,0,0,NA,NA,0,1.06285463731792
"1545","716",27,0,0,NA,NA,0,1.06285463731792
"1546","716",28,0,0,NA,NA,0,1.06285463731792
"1547","716",29,0,0,NA,NA,0,1.06285463731792
"1548","716",30,0,0,NA,NA,0,1.06285463731792
"1549","716",31,0,0,NA,NA,0,1.06285463731792
"1550","716",32,0,0,NA,NA,0,1.06285463731792
"1551","716",33,0,0,NA,NA,0,1.06285463731792
"1552","716",34,0,0,NA,NA,0,1.06285463731792
"1553","716",35,0,0,NA,NA,0,1.06285463731792
"1554","716",36,0,0,NA,NA,0,1.06285463731792
"1555","716",37,0,0,NA,NA,0,1.06285463731792
"1556","716",38,0,0,NA,NA,0,1.06285463731792
"1557","716",39,0,0,NA,NA,0,1.06285463731792
"1558","716",40,0,0,NA,NA,0,1.06285463731792
"1559","723",0,11,0.305555555555556,1,1,0.305555555555556,1.69277066725548
"1560","723",1,4,0.111111111111111,1,1,0.111111111111111,1.69277066725548
"1561","723",2,5,0.138888888888889,1,1,0.138888888888889,1.69277066725548
"1562","723",3,3,0.0833333333333333,1,1,0.0833333333333333,1.69277066725548
"1563","723",4,3,0.0833333333333333,1,1,0.0833333333333333,1.69277066725548
"1564","723",5,4,0.111111111111111,1,1,0.111111111111111,1.69277066725548
"1565","723",6,2,0.0555555555555556,1,1,0.0555555555555556,1.69277066725548
"1566","723",7,1,0.0277777777777778,1,1,0.0277777777777778,1.69277066725548
"1567","723",8,1,0.0277777777777778,1,1,0.0277777777777778,1.69277066725548
"1568","723",9,2,0.0555555555555556,1,1,0.0555555555555556,1.69277066725548
"1569","723",10,0,0,NA,NA,0,1.69277066725548
"1570","723",11,0,0,NA,NA,0,1.69277066725548
"1571","723",12,0,0,NA,NA,0,1.69277066725548
"1572","723",13,0,0,NA,NA,0,1.69277066725548
"1573","723",14,0,0,NA,NA,0,1.69277066725548
"1574","723",15,0,0,NA,NA,0,1.69277066725548
"1575","723",16,0,0,NA,NA,0,1.69277066725548
"1576","723",17,0,0,NA,NA,0,1.69277066725548
"1577","723",18,0,0,NA,NA,0,1.69277066725548
"1578","723",19,0,0,NA,NA,0,1.69277066725548
"1579","723",20,0,0,NA,NA,0,1.69277066725548
"1580","723",21,0,0,NA,NA,0,1.69277066725548
"1581","723",22,0,0,NA,NA,0,1.69277066725548
"1582","723",23,0,0,NA,NA,0,1.69277066725548
"1583","723",24,0,0,NA,NA,0,1.69277066725548
"1584","723",25,0,0,NA,NA,0,1.69277066725548
"1585","723",26,0,0,NA,NA,0,1.69277066725548
"1586","723",27,0,0,NA,NA,0,1.69277066725548
"1587","723",28,0,0,NA,NA,0,1.69277066725548
"1588","723",29,0,0,NA,NA,0,1.69277066725548
"1589","723",30,0,0,NA,NA,0,1.69277066725548
"1590","723",31,0,0,NA,NA,0,1.69277066725548
"1591","723",32,0,0,NA,NA,0,1.69277066725548
"1592","723",33,0,0,NA,NA,0,1.69277066725548
"1593","723",34,0,0,NA,NA,0,1.69277066725548
"1594","723",35,0,0,NA,NA,0,1.69277066725548
"1595","723",36,0,0,NA,NA,0,1.69277066725548
"1596","723",37,0,0,NA,NA,0,1.69277066725548
"1597","723",38,0,0,NA,NA,0,1.69277066725548
"1598","723",39,0,0,NA,NA,0,1.69277066725548
"1599","723",40,0,0,NA,NA,0,1.69277066725548
"1600","774",0,2,0.105263157894737,1,1,0.105263157894737,2.05233618883718
"1601","774",1,4,0.210526315789474,1,1,0.210526315789474,2.05233618883718
"1602","774",2,3,0.157894736842105,1,1,0.157894736842105,2.05233618883718
"1603","774",3,1,0.0526315789473684,1,1,0.0526315789473684,2.05233618883718
"1604","774",4,1,0.0526315789473684,1,1,0.0526315789473684,2.05233618883718
"1605","774",5,2,0.105263157894737,1,1,0.105263157894737,2.05233618883718
"1606","774",6,2,0.105263157894737,1,13,0.105263157894737,2.05233618883718
"1607","774",7,0,0,NA,NA,0.00404858299595142,2.05233618883718
"1608","774",8,0,0,NA,NA,0.00404858299595142,2.05233618883718
"1609","774",9,0,0,NA,NA,0.00404858299595142,2.05233618883718
"1610","774",10,0,0,NA,NA,0.00404858299595142,2.05233618883718
"1611","774",11,0,0,NA,NA,0.00404858299595142,2.05233618883718
"1612","774",12,0,0,NA,NA,0.00404858299595142,2.05233618883718
"1613","774",13,0,0,NA,NA,0.00404858299595142,2.05233618883718
"1614","774",14,0,0,NA,NA,0.00404858299595142,2.05233618883718
"1615","774",15,0,0,NA,NA,0.00404858299595142,2.05233618883718
"1616","774",16,0,0,NA,NA,0.00404858299595142,2.05233618883718
"1617","774",17,0,0,NA,NA,0.00404858299595142,2.05233618883718
"1618","774",18,0,0,NA,NA,0.00404858299595142,2.05233618883718
"1619","774",19,1,0.0526315789473684,13,1,0.00404858299595142,2.05233618883718
"1620","774",20,1,0.0526315789473684,1,1,0.0526315789473684,2.05233618883718
"1621","774",21,2,0.105263157894737,1,1,0.105263157894737,2.05233618883718
"1622","774",22,0,0,NA,NA,0,2.05233618883718
"1623","774",23,0,0,NA,NA,0,2.05233618883718
"1624","774",24,0,0,NA,NA,0,2.05233618883718
"1625","774",25,0,0,NA,NA,0,2.05233618883718
"1626","774",26,0,0,NA,NA,0,2.05233618883718
"1627","774",27,0,0,NA,NA,0,2.05233618883718
"1628","774",28,0,0,NA,NA,0,2.05233618883718
"1629","774",29,0,0,NA,NA,0,2.05233618883718
"1630","774",30,0,0,NA,NA,0,2.05233618883718
"1631","774",31,0,0,NA,NA,0,2.05233618883718
"1632","774",32,0,0,NA,NA,0,2.05233618883718
"1633","774",33,0,0,NA,NA,0,2.05233618883718
"1634","774",34,0,0,NA,NA,0,2.05233618883718
"1635","774",35,0,0,NA,NA,0,2.05233618883718
"1636","774",36,0,0,NA,NA,0,2.05233618883718
"1637","774",37,0,0,NA,NA,0,2.05233618883718
"1638","774",38,0,0,NA,NA,0,2.05233618883718
"1639","774",39,0,0,NA,NA,0,2.05233618883718
"1640","774",40,0,0,NA,NA,0,2.05233618883718
"1641","808",0,15,0.394736842105263,1,2,0.394736842105263,2.02858823625299
"1642","808",1,0,0,NA,NA,0.0526315789473684,2.02858823625299
"1643","808",2,4,0.105263157894737,2,1,0.0526315789473684,2.02858823625299
"1644","808",3,3,0.0789473684210526,1,1,0.0789473684210526,2.02858823625299
"1645","808",4,6,0.157894736842105,1,1,0.157894736842105,2.02858823625299
"1646","808",5,4,0.105263157894737,1,1,0.105263157894737,2.02858823625299
"1647","808",6,1,0.0263157894736842,1,1,0.0263157894736842,2.02858823625299
"1648","808",7,2,0.0526315789473684,1,1,0.0526315789473684,2.02858823625299
"1649","808",8,2,0.0526315789473684,1,1,0.0526315789473684,2.02858823625299
"1650","808",9,1,0.0263157894736842,1,1,0.0263157894736842,2.02858823625299
"1651","808",10,0,0,NA,NA,0,2.02858823625299
"1652","808",11,0,0,NA,NA,0,2.02858823625299
"1653","808",12,0,0,NA,NA,0,2.02858823625299
"1654","808",13,0,0,NA,NA,0,2.02858823625299
"1655","808",14,0,0,NA,NA,0,2.02858823625299
"1656","808",15,0,0,NA,NA,0,2.02858823625299
"1657","808",16,0,0,NA,NA,0,2.02858823625299
"1658","808",17,0,0,NA,NA,0,2.02858823625299
"1659","808",18,0,0,NA,NA,0,2.02858823625299
"1660","808",19,0,0,NA,NA,0,2.02858823625299
"1661","808",20,0,0,NA,NA,0,2.02858823625299
"1662","808",21,0,0,NA,NA,0,2.02858823625299
"1663","808",22,0,0,NA,NA,0,2.02858823625299
"1664","808",23,0,0,NA,NA,0,2.02858823625299
"1665","808",24,0,0,NA,NA,0,2.02858823625299
"1666","808",25,0,0,NA,NA,0,2.02858823625299
"1667","808",26,0,0,NA,NA,0,2.02858823625299
"1668","808",27,0,0,NA,NA,0,2.02858823625299
"1669","808",28,0,0,NA,NA,0,2.02858823625299
"1670","808",29,0,0,NA,NA,0,2.02858823625299
"1671","808",30,0,0,NA,NA,0,2.02858823625299
"1672","808",31,0,0,NA,NA,0,2.02858823625299
"1673","808",32,0,0,NA,NA,0,2.02858823625299
"1674","808",33,0,0,NA,NA,0,2.02858823625299
"1675","808",34,0,0,NA,NA,0,2.02858823625299
"1676","808",35,0,0,NA,NA,0,2.02858823625299
"1677","808",36,0,0,NA,NA,0,2.02858823625299
"1678","808",37,0,0,NA,NA,0,2.02858823625299
"1679","808",38,0,0,NA,NA,0,2.02858823625299
"1680","808",39,0,0,NA,NA,0,2.02858823625299
"1681","808",40,0,0,NA,NA,0,2.02858823625299
"1682","809",0,3,0.1875,1,1,0.1875,2.78897332359387
"1683","809",1,2,0.125,1,1,0.125,2.78897332359387
"1684","809",2,1,0.0625,1,1,0.0625,2.78897332359387
"1685","809",3,2,0.125,1,1,0.125,2.78897332359387
"1686","809",4,1,0.0625,1,1,0.0625,2.78897332359387
"1687","809",5,1,0.0625,1,2,0.0625,2.78897332359387
"1688","809",6,0,0,NA,NA,0.03125,2.78897332359387
"1689","809",7,1,0.0625,2,2,0.03125,2.78897332359387
"1690","809",8,0,0,NA,NA,0.03125,2.78897332359387
"1691","809",9,1,0.0625,2,2,0.03125,2.78897332359387
"1692","809",10,0,0,NA,NA,0.0625,2.78897332359387
"1693","809",11,2,0.125,2,4,0.0625,2.78897332359387
"1694","809",12,0,0,NA,NA,0.015625,2.78897332359387
"1695","809",13,0,0,NA,NA,0.015625,2.78897332359387
"1696","809",14,0,0,NA,NA,0.015625,2.78897332359387
"1697","809",15,1,0.0625,4,28,0.015625,2.78897332359387
"1698","809",16,0,0,NA,NA,0,2.78897332359387
"1699","809",17,0,0,NA,NA,0,2.78897332359387
"1700","809",18,0,0,NA,NA,0,2.78897332359387
"1701","809",19,0,0,NA,NA,0,2.78897332359387
"1702","809",20,0,0,NA,NA,0,2.78897332359387
"1703","809",21,0,0,NA,NA,0,2.78897332359387
"1704","809",22,0,0,NA,NA,0,2.78897332359387
"1705","809",23,0,0,NA,NA,0,2.78897332359387
"1706","809",24,0,0,NA,NA,0,2.78897332359387
"1707","809",25,0,0,NA,NA,0,2.78897332359387
"1708","809",26,0,0,NA,NA,0,2.78897332359387
"1709","809",27,0,0,NA,NA,0,2.78897332359387
"1710","809",28,0,0,NA,NA,0,2.78897332359387
"1711","809",29,0,0,NA,NA,0,2.78897332359387
"1712","809",30,0,0,NA,NA,0,2.78897332359387
"1713","809",31,0,0,NA,NA,0,2.78897332359387
"1714","809",32,0,0,NA,NA,0,2.78897332359387
"1715","809",33,0,0,NA,NA,0,2.78897332359387
"1716","809",34,0,0,NA,NA,0,2.78897332359387
"1717","809",35,0,0,NA,NA,0,2.78897332359387
"1718","809",36,0,0,NA,NA,0,2.78897332359387
"1719","809",37,0,0,NA,NA,0,2.78897332359387
"1720","809",38,0,0,NA,NA,0,2.78897332359387
"1721","809",39,0,0,NA,NA,0,2.78897332359387
"1722","809",40,0,0,NA,NA,0,2.78897332359387
