seaotter,releasenum,days_since_rel,fix_type,fix_qual,latitude,longitude,,
209,1,0,b,0.5,36.631694,-121.920116,,
209,1,2.072916667,a,1,36.638424,-121.943221,,
209,1,2.927083333,a,1,36.661866,-121.828647,,
209,1,4.927083333,r,2,36.70416,-121.81814,,
209,1,5.895833333,b,0.5,36.70038,-121.81649,,
209,1,6.947916667,r,1,36.699996,-121.817341,,
209,1,10.02777778,r,1,36.683945,-121.820442,,
209,1,12.87847222,a,1,36.842847,-121.812546,,
209,1,13.90625,b,0.5,36.889877,-121.84192,,
209,1,14.87847222,a,1,36.714,-121.81182,,
209,1,15.94791667,a,3,36.886279,-121.836793,,
209,1,24.03472222,a,1,36.90571,-121.8514,,
209,1,28.11458333,a,1,36.91204,-121.85541,,
209,1,29.93541667,r,3,36.90525,-121.84672,,
209,1,52.94791667,a,1,36.90751,-121.8836,,
209,1,56.92222222,a,1,36.89802,-121.8528,,
209,1,65.03680556,a,1,36.88997,-121.8864,,
209,1,81.19652778,a,1,36.888083,-121.8864,,
209,1,135.9479167,a,1,36.914117,-121.87155,,
217,1,0,b,0.5,36.81592,-121.766534,,
217,1,1.153472222,b,0.5,36.811935,-121.77913,,
217,1,2.247222222,b,0.5,36.815835,-121.768809,,
217,1,3.018055556,b,0.5,36.812749,-121.778722,,
217,1,4.101388889,b,0.5,36.809949,-121.784988,,
217,1,5.906944444,a,1,36.948489,-121.894514,,
217,1,7.049305556,b,1,36.95165,-121.924556,,
217,1,9.393055556,a,1,36.812083,-121.792989,,
217,1,10.23055556,b,0.5,36.81305,-121.800967,,
217,1,11.30277778,b,0.5,36.80354,-121.791985,,
217,1,11.96319444,b,0.5,36.810567,-121.792233,,
217,1,12.04583333,b,0.5,36.835767,-121.804683,,
217,1,12.96597222,b,0.5,36.815217,-121.793683,,
217,1,14.00694444,b,0.5,36.832267,-121.8059,,
217,1,14.03680556,v,0.5,36.824683,-121.799833,,
217,1,14.05069444,v,0.5,36.81875,-121.797417,,
217,1,22.96805556,b,0.5,36.833967,-121.80735,,
217,1,30.28541667,r,3,36.818417,-121.808983,,
225,1,0,b,0.5,36.622848,-121.90986,,
225,1,2.090277778,a,1,36.842775,-121.985949,,
225,1,4.194444444,b,0.5,37.095642,-122.392534,,
225,2,0,b,0.5,36.623924,-121.913633,,
225,2,3.684027778,a,1,36.87756,-121.91829,,
225,2,3.923611111,r,1,36.900032,-121.92721,,
225,2,4,b,0.5,36.925452,-121.99532,,
225,3,0,b,0.5,36.621877,-121.90722,,
225,3,0.871527778,a,1,36.738609,-121.8218614,,
225,3,1.916666667,a,1,36.875638,-121.8677819,,
225,3,4.895833333,a,1,36.856483,-122.1069509,,
225,3,5.868055556,a,1,36.979795,-122.1789929,,
225,3,6.076388889,b,0.5,36.971822,-122.1463862,,
225,3,8.061111111,a,3,37.006664,-122.197232,,
225,3,9.114583333,b,0.5,37.040665,-122.2783144,,
225,3,45.95833333,a,1,37.102576,-122.329377,,
225,3,47.95833333,r,3,37.102702,-122.329239,,
228,1,0,b,0.5,36.813652,-121.757524,,
228,1,5.267361111,a,1,37.049,-122.243417,,
228,1,5.989583333,b,0.5,37.082558,-122.271962,,
228,1,7.086805556,b,0.5,37.116902,-122.31225,,
228,1,7.940972222,b,0.5,37.087024,-122.27777,,
228,1,9.128472222,b,0.5,37.097425,-122.288077,,
228,1,9.961805556,r,2,37.098539,-122.287185,,
228,1,11.00347222,r,2,37.084342,-122.277774,,
228,1,12.08680556,r,2,37.094268,-122.292249,,
228,1,14.10763889,r,2,37.0933,-122.297983,,
238,1,0,b,0.5,36.814149,-121.756511,,
238,1,1.173611111,b,0.5,36.813397,-121.7449,,
238,1,2.013888889,b,0.5,36.811486,-121.753652,,
238,1,2.986111111,b,0.5,36.813295,-121.770632,,
238,1,3.097222222,b,0.5,36.814211,-121.787674,,
238,1,6.013888889,b,0.5,36.607246,-121.890792,,
238,1,7.201388889,b,0.5,36.608737,-121.892461,,
238,1,7.979166667,b,0.5,36.606296,-121.875034,,
238,1,9.09375,b,0.5,36.613926,-121.865503,,
238,1,10.09722222,b,0.5,36.604724,-121.892909,,
238,1,11.13888889,r,1,36.609304,-121.893141,,
238,1,12.04861111,b,0.5,36.6052,-121.892369,,
238,1,12.88888889,b,0.5,36.603902,-121.877056,,
238,1,13.95833333,b,0.5,36.606783,-121.893171,,
238,1,16.21458333,b,0.5,36.605325,-121.892474,,
238,1,17.17222222,b,0.5,36.605361,-121.8926198,,
238,1,18.325,b,0.5,36.604831,-121.892731,,
238,1,20.14444444,b,0.5,36.605215,-121.892519,,
238,1,20.99583333,b,0.5,36.607217,-121.893225,,
238,1,21.98333333,r,1,36.605119,-121.892418,,
238,1,23.06111111,b,0.5,36.605237,-121.892933,,
238,1,25.96111111,b,0.5,36.604804,-121.892873,,
238,1,28.98888889,r,2,36.60477,-121.892747,,
238,1,32.275,b,0.5,36.605943,-121.89356,,
238,1,32.95347222,r,1,36.604715,-121.892141,,
249,1,0,b,0.5,36.814612,-121.752942,,
249,1,0.975,b,0.5,36.824934,-121.745463,,
249,1,2.045833333,r,1,36.814523,-121.764284,,
249,1,3.059722222,b,0.5,36.813028,-121.773981,,
249,1,4.020833333,b,0.5,36.814346,-121.753766,,
249,1,4.965972222,b,0.5,36.811872,-121.762191,,
249,1,5.976388889,r,1,36.817684,-121.75308,,
249,1,6.9625,b,0.5,36.812933,-121.743818,,
249,1,7.997222222,b,0.5,36.816057,-121.768648,,
249,1,8.948611111,b,0.5,36.811822,-121.762658,,
249,1,10.84722222,b,0.5,36.812056,-121.761358,,
249,1,11.97638889,b,0.5,36.81168,-121.762824,,
249,1,14.11875,r,2,36.816157,-121.74663,,
249,1,16.16875,r,1,36.815883,-121.765216,,
249,1,21.14444444,r,2,36.816079,-121.765913,,
249,1,24.91041667,b,0.5,36.81494,-121.749716,,
252,1,0,b,0.5,36.816462,-121.747899,,
252,1,0.747916667,b,0.5,36.82731,-121.745103,,
252,1,2.038888889,b,0.5,36.812072,-121.781794,,
252,1,2.872222222,b,0.5,36.815094,-121.750131,,
252,1,3.872222222,r,3,36.811974,-121.749897,,
252,1,5.872222222,b,0.5,36.814689,-121.747241,,
252,1,6.955555556,b,0.5,36.81212,-121.777755,,
252,1,7.872222222,r,3,36.810848,-121.752989,,
252,1,8.913888889,b,0.5,36.81209,-121.75332,,
252,1,10.74722222,r,2,36.811764,-121.751379,,
252,1,12,b,0.5,36.812245,-121.753523,,
252,1,14.78541667,r,2,36.811833,-121.750958,,
252,1,17.02083333,v,0.5,36.812507,-121.753266,,
252,1,20.11736111,b,0.5,36.836042,-121.741413,,
269,1,0,b,0.5,36.819463,-121.745614,,
269,1,0.895833333,b,0.5,36.816199,-121.761269,,
269,1,1.986111111,b,0.5,36.816397,-121.768762,,
269,1,2.958333333,b,0.5,36.81329,-121.761215,,
269,1,4.067361111,b,0.5,36.812143,-121.761363,,
269,1,4.996527778,b,0.5,36.811491,-121.77935,,
269,1,5.944444444,b,0.5,36.811957,-121.762282,,
269,1,7.090277778,b,0.5,36.811888,-121.761763,,
269,1,7.909722222,b,0.5,36.813335,-121.757727,,
269,1,9.14375,a,1,36.802443,-121.789509,,
269,1,10.17361111,b,0.5,36.811738,-121.762447,,
269,1,11.98611111,r,1,36.818212,-121.765909,,
269,1,13.03819444,b,0.5,36.810221,-121.7853,,
269,1,16.11875,a,1,36.820786,-121.806847,,
269,1,17.11111111,a,1,36.890081,-121.85158,,
269,1,18.11111111,a,1,36.749834,-121.814068,,
269,1,21.97708333,a,1,36.812345,-121.780852,,
269,1,24.16458333,v,0.5,36.814304,-121.768563,,
269,1,29.94375,b,0.5,36.810543,-121.784869,,
286,1,0,b,0.5,36.81636,-121.74836,,
286,1,1.079861111,b,0.5,36.810158,-121.743243,,
286,1,2.128472222,b,0.5,36.812579,-121.779831,,
286,1,3.003472222,b,0.5,36.814739,-121.77853,,
286,1,4.045138889,b,0.5,36.812249,-121.780688,,
286,1,5.024305556,b,0.5,36.812574,-121.775872,,
286,1,5.96875,b,0.5,36.812973,-121.778698,,
286,1,7.020833333,b,0.5,36.814029,-121.779269,,
286,1,8.107638889,b,0.5,36.811645,-121.782732,,
286,1,8.915972222,b,0.5,36.814767,-121.77854,,
286,1,9.900694444,b,0.5,36.814352,-121.778665,,
286,1,12.10763889,r,1,36.840294,-121.825129,,
286,1,13.12847222,r,2,36.887217,-121.837809,,
286,1,13.95555556,b,0.5,36.807122,-121.790489,,
286,1,14.92291667,b,0.5,36.810258,-121.788342,,
286,1,16.01388889,b,0.5,36.811655,-121.787577,,
286,1,19.89791667,r,2,36.806548,-121.791278,,
286,1,21.84375,r,2,36.803365,-121.78497,,
286,1,26.09791667,r,1,36.802246,-121.785904,,
286,1,28.97291667,r,1,36.804034,-121.784957,,
286,1,29.94791667,r,1,36.81085,-121.786906,,
286,1,30.95,a,1,36.805166,-121.784398,,
315,1,0,b,1,36.816552,-121.746157,,
315,1,1.145833333,a,1,36.750675,-121.862098,,
315,1,1.283333333,a,1,36.755713,-121.932747,,
315,1,1.931944444,a,1,36.750738,-121.930346,,
315,1,2.966666667,a,1,36.712763,-122.018398,,
315,1,3.135416667,b,0.5,36.637074,-121.974897,,
315,2,0,b,0.5,36.816737,-121.745928,,
315,2,0.963888889,b,0.5,36.779129,-121.797896,,
315,2,2.948611111,b,0.5,36.813991,-121.761499,,
315,2,7.021527778,b,0.5,36.798153,-121.794276,,
315,2,9.111111111,b,0.5,36.812423,-121.779141,,
315,2,9.958333333,r,3,36.794352,-121.796178,,
315,2,11.95763889,r,3,36.773732,-121.80079,,
315,2,13.14166667,b,0.5,36.808179,-121.787888,,
327,1,0,b,0.5,36.816429,-121.745698,,
327,1,1.125,b,0.5,36.806318,-121.948081,,
327,2,0,b,0.5,36.817971,-121.745383,,
327,2,1.114583333,b,0.5,36.877766,-121.79031,,
327,2,1.170138889,b,0.5,36.857505,-121.818276,,
327,2,1.958333333,,0.5,36.896186,-121.926279,,
327,2,2.958333333,b,0.5,36.803296,-121.79031,,
327,3,0,b,0.5,36.814766,-121.745352,,
327,3,0.886111111,b,0.5,36.800159,-121.784349,,
327,3,2.131944444,b,0.5,36.877012,-121.894324,,
327,3,2.93125,r,2,36.816214,-121.776437,,
327,3,3.950694444,b,0.5,36.813934,-121.769774,,
327,3,4.00625,b,0.5,36.809818,-121.787253,,
327,3,4.979166667,b,0.5,36.812721,-121.764414,,
327,3,5.871527778,r,1,36.816085,-121.775971,,
327,3,6.15,r,1,36.814442,-121.776024,,
327,3,6.182638889,b,0.5,36.813075,-121.778176,,
327,3,6.854166667,r,1,36.814809,-121.778445,,
327,3,8.975694444,r,1,36.817373,-121.769936,,
327,3,9.84375,b,0.5,36.813145,-121.778794,,
327,3,11.14236111,b,0.5,36.811989,-121.781846,,
327,3,11.95833333,r,2,36.812894,-121.773473,,
327,3,15.90902778,r,2,36.813525,-121.774466,,
327,3,16.92083333,r,2,36.812778,-121.778095,,
327,3,17.99722222,b,0.5,36.813142,-121.765156,,
339,1,0,b,0.5,36.814712,-121.745328,,
339,1,1.215277778,b,0.5,36.821194,-121.751686,,
339,1,2.152777778,b,0.5,36.821197,-121.751749,,
339,2,0,b,0.5,36.816134,-121.745558,,
339,2,1.03125,b,0.5,36.813279,-121.745219,,
339,2,2.041666667,b,0.5,36.824564,-121.751979,,
339,3,0,b,0.5,36.816143,-121.74967,,
339,3,1,b,0.5,36.816134,-121.765121,,
339,3,2.013888889,b,0.5,36.813723,-121.77089,,
339,3,3.013888889,b,0.5,36.813523,-121.77499,,
339,3,4.020833333,v,0.5,36.813545,-121.775304,,
339,3,5.170833333,r,2,36.816088,-121.768694,,
339,3,7.021527778,b,0.5,36.813972,-121.774408,,
339,3,8.153472222,b,0.5,36.813951,-121.775567,,
339,3,8.970833333,b,0.5,36.813915,-121.770994,,
339,3,12.18402778,b,0.5,36.813971,-121.774412,,
339,3,13.02916667,b,0.5,36.813896,-121.774452,,
339,3,15.99305556,b,0.5,36.808831,-121.787106,,
344,1,0,b,0.5,36.813644,-121.759228,,
344,1,1,b,0.5,36.815597,-121.764354,,
344,1,2.035416667,b,0.5,36.815268,-121.766041,,
344,1,2.090277778,b,0.5,36.816071,-121.765715,,
344,1,3,b,0.5,36.817153,-121.762247,,
344,1,3.930555556,r,1,36.817317,-121.755287,,
344,1,5.055555556,b,0.5,36.812963,-121.763758,,
344,1,5.941666667,b,0.5,36.816209,-121.768017,,
344,1,6.956944444,b,0.5,36.813008,-121.772282,,
344,1,7.916666667,b,0.5,36.814165,-121.763889,,
344,1,8.942361111,b,0.5,36.815066,-121.764408,,
344,1,10.15347222,b,0.5,36.81229,-121.781734,,
344,1,11.03472222,b,0.5,36.812119,-121.78144,,
344,1,12.08333333,r,1,36.814867,-121.768086,,
344,1,14.94097222,b,0.5,36.810261,-121.784489,,
344,1,15.95347222,b,0.5,36.811101,-121.783592,,
344,1,16.20069444,b,0.5,36.810449,-121.787947,,
344,1,17.18541667,b,0.5,36.810564,-121.784803,,
344,1,17.95625,b,0.5,36.806855,-121.790574,,
344,1,19.0625,b,0.5,36.835676,-121.816441,,
344,1,20.13541667,v,0.5,36.811326,-121.78759,,
344,1,21.12986111,b,0.5,36.810288,-121.787972,,
344,1,21.95763889,b,0.5,36.810474,-121.78797,,
344,1,22.99027778,b,0.5,36.811785,-121.781745,,
344,1,24.14583333,b,0.5,36.810514,-121.784608,,
344,1,24.88819444,b,0.5,36.809974,-121.787727,,
344,1,26.10902778,b,0.5,36.811244,-121.779351,,
344,1,27.94791667,b,0.5,36.810233,-121.787872,,
344,1,28.98888889,b,0.5,36.811298,-121.78361,,
353,1,0,b,0.5,36.816311,-121.747421,,
353,1,1.09375,a,1,36.806532,-121.858758,,
353,1,2.0625,b,0.5,36.625264,-121.850824,,
353,1,2.239583333,b,0.5,36.696557,-121.919438,,
353,1,3.1875,b,0.5,36.959669,-122.019346,,
353,1,4.208333333,b,0.5,36.957461,-122.017251,,
353,1,5.029166667,b,0.5,36.959535,-122.018613,,
353,1,5.9375,r,1,36.960161,-122.019948,,
353,1,6.260416667,r,2,36.960562,-122.020517,,
353,1,6.939583333,r,1,36.958849,-122.018177,,
353,1,8.077083333,r,1,36.958907,-122.017846,,
353,1,9.09375,r,1,36.959969,-122.01947,,
353,1,10.0625,r,3,36.94508,-122.041165,,
353,1,11.02083333,r,2,36.95979,-122.019474,,
353,1,11.99583333,b,0.5,36.960111,-122.020023,,
353,1,14.0625,r,1,36.957588,-122.017528,,
353,1,15.96180556,r,0.5,36.959927,-122.019484,,
353,1,18.04027778,r,2,36.959952,-122.01926,,
353,1,21.08333333,r,2,36.958926,-122.018298,,
353,1,25.09375,r,1,36.959671,-122.019591,,
379,1,0,b,0.5,36.821152,-121.745543,,
379,1,0.222222222,b,0.5,36.81437274,-121.7682057,,
379,1,0.899305556,b,0.5,36.81330883,-121.7602893,,
379,1,1.115277778,b,0.5,36.81379608,-121.7751793,,
379,1,1.947916667,b,0.5,36.8134623,-121.7727092,,
379,1,2.197916667,b,0.5,36.81295729,-121.7797779,,
379,1,2.957638889,b,0.5,36.8119283,-121.7822932,,
379,1,3.34375,a,1,36.906051,-121.851904,,
379,1,3.893055556,a,1,36.805526,-121.862837,,
379,1,3.925694444,a,1,36.772025,-121.888811,,
379,1,4.067361111,b,0.5,36.73584231,-121.9889907,,
379,2,0,b,0.5,36.81365415,-121.7543555,,
379,2,0.204861111,b,0.5,36.81312696,-121.7787199,,
379,2,0.979166667,b,0.5,36.813539,-121.775058,,
379,2,1.167361111,b,0.5,36.81352,-121.774607,,
379,2,1.211805556,b,0.5,36.81309047,-121.7771282,,
379,2,2.03125,b,0.5,36.81684952,-121.7688251,,
379,2,2.922916667,b,0.5,36.81497644,-121.7706156,,
379,2,3.932638889,b,0.5,36.81580111,-121.765719,,
379,2,4.910416667,b,0.5,36.81365196,-121.7756085,,
379,2,6.171527778,b,0.5,36.81501965,-121.7665975,,
379,2,7.03125,r,1,36.81501965,-121.7665975,,
379,2,9.078472222,b,0.5,36.81064147,-121.7769376,,
379,2,10.01180556,b,0.5,36.81208112,-121.7741593,,
379,2,12.15555556,b,0.5,36.81195174,-121.7614081,,
379,2,16.15833333,b,0.5,36.81370254,-121.765092,,
386,1,0,b,0.5,36.81403715,-121.7543555,,
386,1,0.202777778,b,0.5,36.81517259,-121.7675192,,
386,1,0.954166667,b,0.5,36.814146,-121.779097,,
386,1,0.990972222,b,0.5,36.81773301,-121.7695045,,
386,1,1.142361111,b,0.5,36.81865378,-121.7693407,,
386,1,1.977777778,b,0.5,36.81470493,-121.7808635,,
386,1,2.0125,b,0.5,36.81751175,-121.7661695,,
386,1,3.049305556,b,0.5,36.82594995,-121.7460362,,
386,1,3.975694444,r,2,36.813102,-121.762135,,
386,1,5.090277778,b,0.5,36.81731736,-121.7503612,,
386,1,5.968055556,b,0.5,36.8141306,-121.764027,,
386,1,7.111111111,r,1,36.812621,-121.761422,,
386,1,8.069444444,r,1,36.81234,-121.763383,,
386,1,9.027777778,b,0.5,36.81538855,-121.7659741,,
386,1,10.19236111,b,0.5,36.81597548,-121.7666139,,
386,1,13.03333333,b,0.5,36.8150148,-121.765914,,
386,1,18.06736111,r,2,36.813799,-121.77224,,
386,1,19.10694444,b,0.5,36.81142417,-121.7771452,,
433,1,0,b,0.5,36.8145952,-121.7525058,,
433,1,0.973611111,r,1,36.813007,-121.788187,,
433,1,1.152777778,r,1,36.81403778,-121.788253,,
433,1,1.8875,r,1,36.81262017,-121.7888857,,
433,1,2.064583333,b,1,36.81410212,-121.7876723,,
433,1,3.010416667,r,1,36.81329758,-121.7876437,,
433,1,3.967361111,r,2,36.81385683,-121.7874086,,
433,1,6.984027778,b,0.5,36.81437407,-121.7887403,,
433,1,7.15625,b,0.5,36.81708405,-121.7872027,,
433,1,8,r,2,36.81314445,-121.7888342,,
433,1,9.176388889,b,0.5,36.81158418,-121.7871627,F,
433,1,13.95347222,b,0.5,36.81525288,-121.7879911,,
433,1,16.01041667,r,0.5,36.8133521,-121.788222,,
433,1,21.07361111,r,1,36.81414838,-121.7888138,,
451,1,0,b,0.5,36.81446444,-121.7515387,,
451,1,1.105590278,b,0.5,36.81333862,-121.744878,,
451,1,2.108831019,b,0.5,36.81406694,-121.7577196,,
451,2,0,b,0.5,36.820918,-121.745644,,
451,2,0.997280093,b,0.5,36.81559974,-121.7669966,,
451,2,2.002708333,b,0.5,36.81586385,-121.7647633,,
451,2,3.05974537,r,2,36.817317,-121.765821,,
451,2,4.006388889,b,0.5,36.81660589,-121.7673433,,
451,2,6.025625,b,0.5,36.816021,-121.768145,,
451,2,6.117048611,b,0.5,36.81676532,-121.7664429,,
451,2,7.130694444,r,2,36.81357777,-121.7666097,,
451,2,8.012476852,b,0.5,36.81611309,-121.7675883,,
451,2,10.05939815,r,2,36.81402605,-121.7665946,,
451,2,25.88787037,v,0.5,36.81047045,-121.7883619,,
457,1,0,b,0.5,36.81527492,-121.7452422,,
457,1,0.145833333,b,0.5,36.81181907,-121.745876,,
457,1,0.979166667,b,0.5,36.81199895,-121.7871143,,
457,2,0,b,0.5,36.81717015,-121.7472895,,
457,2,0.986805556,b,0.5,36.8165472,-121.7882679,,
457,2,2.354166667,a,1,36.842905,-121.753441,,
457,2,3.179166667,b,0.5,36.859865,-121.759191,,
457,3,0,b,0.5,36.81673715,-121.7472395,,
457,3,0.913194444,b,0.5,36.799673,-121.78831,,
457,3,1.929166667,b,0.5,36.80659736,-121.7845357,,
457,3,2.916666667,r,2,36.80204486,-121.7856625,,
457,3,3.954861111,b,0.5,36.80290895,-121.7850206,,
457,3,4.963888889,b,0.5,36.80258573,-121.7850895,,
457,3,6.944444444,b,0.5,36.80241483,-121.7856404,,
457,3,8.952777778,b,0.5,36.80507725,-121.7850149,,
457,3,14.04722222,r,1,36.80582095,-121.7857216,,
466,1,0,b,0.5,36.81730415,-121.7467055,,
466,1,1.207638889,b,0.5,36.81514175,-121.7495802,,
466,1,1.991666667,b,0.5,36.8183695,-121.766225,,
466,1,3.009722222,b,0.5,36.81616217,-121.7666907,,
466,1,4.05625,b,0.5,36.81658744,-121.7675082,,
466,1,5.184027778,b,0.5,36.81666776,-121.7678729,,
466,1,6.134722222,b,0.5,36.815802,-121.764302,,
466,1,7.05625,r,2,36.813205,-121.757263,,
466,1,10.97638889,b,0.5,36.81561272,-121.7665009,,
466,1,13.02083333,b,0.5,36.81348798,-121.7528329,,
466,1,18.0375,r,1,36.81209,-121.751742,,
466,1,19.11944444,b,0.5,36.81466794,-121.7456039,,
473,1,0,b,0.5,36.81720505,-121.7463589,,
473,1,0.921527778,b,0.5,36.81330773,-121.7607624,,
473,1,1.914583333,b,0.5,36.81299203,-121.7787455,,
473,1,3.008333333,r,2,36.813035,-121.77529,,
473,1,4.039583333,b,0.5,36.80946804,-121.7849943,,
473,1,4.069444444,b,0.5,36.80947702,-121.7850492,,
473,1,4.966666667,b,1,36.805006,-121.784467,,
473,1,6.997916667,b,0.5,36.80708009,-121.7857394,,
473,1,8.114583333,b,0.5,36.80742424,-121.7859562,,
473,1,9.04375,b,0.5,36.80732203,-121.7858841,,
473,1,13.99444444,b,0.5,36.80768601,-121.786275,,
475,1,0,b,0.5,36.81673353,-121.7485599,,
475,1,0.941666667,b,0.5,36.81138584,-121.7734763,,
475,1,1.135416667,b,0.5,36.81008115,-121.78556,,
475,2,0,b,0.5,36.81628144,-121.7470547,,
475,2,1,b,0.5,36.8099981,-121.7862381,,
475,2,2.038194444,b,0.5,36.80949129,-121.7856611,,
475,2,3.229166667,b,0.5,36.8011822,-121.7909219,,
475,2,3.918055556,b,0.5,36.81030254,-121.785654,,
475,2,3.994444444,b,0.5,36.80639846,-121.7918908,,
475,2,5.102083333,b,0.5,36.81062077,-121.7856553,,
475,2,6.125,b,0.5,36.80682695,-121.7916716,,
475,2,6.148611111,b,0.5,36.81000076,-121.7856633,,
475,2,6.261805556,b,0.5,36.80952485,-121.7861434,,
475,2,7.048611111,b,0.5,36.81013583,-121.7863789,,
475,2,8.24375,b,0.5,36.80989908,-121.7856684,,
475,2,11.02847222,b,0.5,36.80982152,-121.7858566,,
475,2,13.02638889,v,0.5,36.81020166,-121.785237,,
475,2,17.97083333,b,0.5,36.81032113,-121.7862247,,
475,2,18.27291667,b,0.5,36.81001417,-121.7854742,,
501,1,0,b,0.5,36.82039015,-121.7452325,,
501,1,0.970925926,b,0.5,36.81510667,-121.7682058,,
501,1,1.97130787,b,0.5,36.81575956,-121.7668625,,
501,1,3.133645833,b,0.5,36.81948076,-121.7670395,,
501,2,0,b,0.5,36.81885362,-121.7459377,,
501,2,0.978599537,b,0.5,36.81542615,-121.7653735,,
501,2,2.959837963,b,0.5,36.81594228,-121.7669332,,
501,2,4.106875,b,0.5,36.81475169,-121.7549179,,
501,2,5.176018519,b,0.5,36.81452367,-121.7545623,,
501,2,8.137847222,b,0.5,36.81319382,-121.7516607,,
501,2,9.212928241,b,0.5,36.814775,-121.768224,,
501,2,12.03689815,b,0.5,36.81354118,-121.7609231,,
501,2,14.04741898,v,0.5,36.81511495,-121.7527216,,
501,2,20.09709491,b,0.5,36.81392443,-121.7595426,,
518,1,0,b,0.5,36.82064991,-121.7454187,,
518,1,1.005555556,v,0.5,36.81645463,-121.7498297,,
518,1,1.997916667,v,0.5,36.8120065,-121.7457849,,
518,1,3.028472222,b,1,36.811996,-121.748437,,
518,1,4.165277778,v,0.5,36.81459311,-121.7543077,,
518,1,5.002083333,b,0.5,36.8140311,-121.7611057,,
518,2,0,b,0.5,36.82007831,-121.7454088,,
518,2,0.139583333,b,0.5,36.81354705,-121.7530999,,
518,2,0.982638889,b,0.5,36.8166887,-121.7464107,,
518,2,2.009722222,v,0.5,36.81471695,-121.7494649,,
518,2,2.977777778,b,0.5,36.81681868,-121.7454367,,
518,2,3.979166667,b,0.5,36.81729902,-121.7457496,,
518,2,4.979166667,b,0.5,36.81778549,-121.7468992,,
518,2,5.986111111,b,0.5,36.81554158,-121.7493118,,
518,2,7.068055556,b,0.5,36.81562502,-121.745915,,
518,2,8.202083333,v,0.5,36.81462331,-121.7511596,,
518,2,9.067361111,b,0.5,36.81351847,-121.7490728,,
518,2,10.025,v,0.5,36.81485018,-121.7486184,,
518,2,11.04652778,v,0.5,36.813401,-121.74507,,
518,2,15.07013889,b,0.5,36.81310183,-121.7448296,,
518,2,17.00694444,b,0.5,36.8181753,-121.7462922,,
520,1,0,b,0.5,36.81906838,-121.745224,,
520,1,0.204166667,b,0.5,36.77394916,-121.8155026,,
520,1,0.395833333,a,1,36.764709,-121.804961,,
520,1,0.965277778,b,0.5,36.78382159,-121.8052743,,
520,1,1.218055556,b,0.5,36.87508164,-121.8294338,,
520,1,1.395138889,a,1,36.907595,-121.8492417,,
520,1,2.009027778,b,0.5,36.95791929,-121.9020298,,
520,1,2.093055556,b,0.5,36.925617,-121.972333,,
520,1,2.384722222,b,0.5,36.85479284,-121.8178201,,
520,1,2.978472222,b,0.5,36.81650618,-121.7999586,,
520,1,4.079861111,b,0.5,36.86158735,-121.8377666,,
520,1,5.154861111,b,0.5,36.8814976,-121.8570871,,
520,1,7.09375,b,0.5,36.86882021,-121.8396976,,
520,1,9.086111111,b,0.5,36.81261959,-121.7959647,,
520,1,12.13402778,b,0.5,36.81868684,-121.8011523,,
520,1,13.99027778,b,0.5,36.82575929,-121.8082127,,
526,1,0,b,0.5,36.81950323,-121.7455437,,
526,1,0.941666667,b,0.5,36.81369036,-121.8028987,,
526,1,1.98125,b,0.5,36.82739391,-121.8164786,,
526,1,3.055555556,v,0.5,36.81012428,-121.7858994,,
526,1,3.961805556,v,0.5,36.80989436,-121.7865787,,
526,1,4.998611111,v,0.5,36.81113025,-121.7871695,,
526,1,6.038888889,b,0.5,36.81083394,-121.7894222,,
526,1,6.969444444,b,0.5,36.80960527,-121.7877082,,
526,1,8.995833333,b,0.5,36.8103701,-121.7877078,,
526,1,12.12777778,b,0.5,36.810929,-121.791318,,
526,1,13.10694444,b,0.5,36.81063924,-121.7884639,,
558,1,0,b,0.5,36.82039715,-121.7450875,,
558,1,0.984722222,b,0.5,36.815445,-121.747476,,
558,1,1.992361111,b,0.5,36.81522508,-121.7660375,,
558,1,3.054861111,b,0.5,36.81769662,-121.7520429,,
558,2,0,b,0.5,36.81835015,-121.7457945,,
558,2,0.995833333,b,0.5,36.81550565,-121.7660009,,
558,2,1.988888889,a,1,36.816536,-121.765693,,
558,2,3.038888889,b,0.5,36.81533657,-121.7661623,,
558,2,4.069444444,b,0.5,36.81581876,-121.7676552,,
558,2,5.064583333,b,0.5,36.81973275,-121.7627052,,
558,2,6.967361111,b,0.5,36.85425648,-121.7587535,,
558,2,9.080555556,v,0.5,36.8174554,-121.756495,,
558,2,12.13472222,a,1,36.840578,-121.750845,,
558,2,17.15347222,b,0.5,36.81383895,-121.7505836,,
558,2,18.05,b,0.5,36.81453978,-121.7460826,,
558,2,18.9875,b,0.5,36.81590194,-121.7473816,,
558,2,20.10486111,b,0.5,36.81678385,-121.7508546,,
558,2,25.01111111,b,0.5,36.84036402,-121.7444813,,
587,1,0,b,0.5,36.81948015,-121.7459575,,
587,1,0.140972222,b,0.5,36.81702841,-121.7650635,,
587,1,1.124305556,b,0.5,36.85277741,-121.7602803,,
587,1,1.933333333,b,0.5,36.8122164,-121.7719763,,
587,1,2.947222222,b,0.5,36.81652909,-121.7695712,,
587,2,0,b,0.5,36.82001912,-121.7449308,,
587,2,0.999305556,b,0.5,36.81443838,-121.7560763,,
587,2,2.013888889,b,0.5,36.81493304,-121.7541652,,
587,2,2.975694444,b,0.5,36.81604154,-121.7463112,,
587,2,3.102777778,b,0.5,36.82405758,-121.7465315,,
587,2,4.047916667,b,0.5,36.81346844,-121.7752494,,
587,2,4.13125,b,0.5,36.80483903,-121.7959411,,
587,3,0,b,0.5,36.81986915,-121.7452705,,
587,3,0.936111111,r,2,36.81163328,-121.7529122,,
587,3,1.015972222,b,0.5,36.81938262,-121.7446425,,
587,3,1.950694444,b,0.5,36.8112891,-121.7877467,,
587,3,2.904861111,v,0.5,36.81070252,-121.7877978,,
587,3,3.957638889,b,0.5,36.81352486,-121.7458255,,
587,3,4.890972222,b,0.5,36.811007,-121.7872442,,
587,3,6,b,0.5,36.81225056,-121.7821574,,
587,3,8.099305556,b,0.5,36.813692,-121.742805,,
587,3,8.959722222,b,0.5,36.81783676,-121.7420036,,
587,3,11.97430556,r,3,36.81272311,-121.7452985,,
587,3,13.07847222,b,1,36.814557,-121.740418,,
587,3,14.96111111,v,0.5,36.8124608,-121.7878096,,
587,3,14.99444444,b,0.5,36.81318362,-121.7444726,,
595,1,0,b,0.5,36.81865205,-121.745218,,
595,1,1.018055556,b,0.5,36.81558145,-121.7506153,,
595,1,2.01875,b,0.5,36.78371721,-121.7972758,,
595,1,2.0625,b,0.5,36.75926,-121.812062,,
595,2,0,b,0.5,36.81674915,-121.7471975,,
595,2,0.827083333,a,1,36.840531,-121.806156,,
595,2,0.99375,b,0.5,36.87887565,-121.9026798,,
595,3,0,b,0.5,36.82135588,-121.7456154,,
595,3,0.042361111,b,0.5,36.809916,-121.742996,,
595,3,0.875694444,a,1,36.82106667,-121.8213333,,
595,3,0.910416667,b,0.5,36.82946412,-121.8345538,,
595,3,1.042361111,r,3,36.80099436,-121.8346449,,
595,3,2.875694444,a,1,36.98336167,-122.1792083,,
595,3,3.042361111,r,3,36.93039727,-122.2748359,,
595,3,3.104861111,r,2,36.89906561,-122.3170889,,
595,3,3.917361111,b,0.5,36.84805545,-121.8123214,,
595,4,0,b,0.5,36.82062665,-121.7452198,,
595,4,0.180555556,r,2,36.81474555,-121.7430047,,
595,4,0.972222222,b,0.5,36.81003906,-121.7852128,,
595,4,1.986111111,v,0.5,36.8100102,-121.7855134,,
595,4,2.159722222,b,0.5,36.80997758,-121.7858016,,
595,4,2.993055556,b,0.5,36.81000492,-121.7858674,,
595,4,4,b,0.5,36.81000901,-121.7858559,,
595,4,5.201388889,b,0.5,36.95706674,-121.9368982,,
595,4,5.972222222,b,0.5,36.81024267,-121.785554,,
595,4,6.993055556,r,1,36.81000895,-121.7853707,,
595,4,8.034722222,b,0.5,36.81007525,-121.7860202,,
595,4,9.034722222,r,1,36.81007238,-121.7858659,,
595,4,11.19097222,b,0.5,36.81006726,-121.7858907,,
595,4,11.96180556,r,1,36.81012551,-121.7858633,,
595,4,11.99305556,b,0.5,36.81059858,-121.7854748,,
595,4,13.03472222,b,0.5,36.8100018,-121.7855242,,
595,4,14.17013889,b,0.5,36.80990612,-121.7859911,,
595,4,15.45138889,b,0.5,36.80989676,-121.785739,,
621,1,0,b,0.5,36.819683,-121.7454,,
621,1,0.041666667,b,0.5,36.814576,-121.745924,,
621,1,0.1875,b,0.5,36.81307,-121.788306,,
621,1,1.125,b,0.5,36.843459,-121.808814,,
621,1,1.145833333,b,0.5,36.871898,-121.824776,,
621,1,1.270833333,a,1,36.947848,-121.884767,,
621,1,1.986111111,b,0.5,36.969177,-121.927432,,
621,1,2.083333333,b,0.5,36.936808,-121.868892,,
621,1,3.114583333,b,0.5,36.812451,-121.748564,,
621,1,3.993055556,b,0.5,36.81533281,-121.7643163,,
621,1,4.065972222,b,0.5,36.81591088,-121.767077,,
621,1,4.916666667,b,0.5,36.80965453,-121.7871906,,
621,2,0,b,0.5,36.82024499,-121.745311,,
621,2,0.919444444,b,0.5,36.81579089,-121.7650964,,
621,2,0.951388889,b,0.5,36.81473259,-121.7656658,,
621,2,1.847222222,b,0.5,36.81639916,-121.7656935,,
621,2,1.926388889,b,0.5,36.81559909,-121.7672175,,
621,2,2.090277778,b,0.5,36.81922027,-121.7452425,,
621,2,2.864583333,b,0.5,36.866501,-121.825648,,
621,2,2.977777778,b,0.5,36.80879811,-121.7883581,,
621,2,3.895833333,b,0.5,36.81555795,-121.7649902,,
621,2,5.104166667,b,0.5,36.81526445,-121.7652254,,
621,2,5.964583333,b,0.5,36.81407275,-121.7619686,,
621,2,6.838888889,b,0.5,36.81401592,-121.7611107,,
621,2,7.026388889,b,0.5,36.81505499,-121.7653733,,
621,2,8.831944444,v,0.5,36.94172346,-121.9648187,,
621,2,8.902777778,v,0.5,36.93913732,-121.9567415,,
621,2,8.938888889,v,0.5,36.94374672,-121.9833208,,
621,2,8.973611111,v,0.5,36.95077991,-122.0077699,,
621,2,8.997916667,b,0.5,36.947467,-122.03183,,
621,2,11.97013889,b,0.5,36.86766623,-121.855923,,
621,2,12.00833333,b,0.5,36.88594148,-121.8750249,,
621,2,12.02083333,b,0.5,36.89051848,-121.8815803,,
621,2,12.03263889,b,0.5,36.89520426,-121.888714,,
621,2,12.04861111,b,0.5,36.90218172,-121.8978184,,
623,1,0,b,0.5,36.81968652,-121.7459304,,
623,1,1.001388889,b,0.5,36.81795572,-121.7459059,,
623,1,1.127777778,b,0.5,36.81425569,-121.7557471,,
623,1,1.992361111,b,0.5,36.8287489,-121.7428504,,
623,1,3.100694444,b,0.5,36.816229,-121.765842,,
623,1,4.007638889,b,0.5,36.81461794,-121.7534048,,
623,1,5.957638889,b,0.5,36.83987478,-121.7460469,,
623,1,6.971527778,b,0.5,36.8373758,-121.7425428,,
623,2,0,b,0.5,36.83639248,-121.7414439,,
623,2,1.85,b,0.5,36.81618146,-121.7659835,,
623,2,1.904166667,b,0.5,36.8158553,-121.7653661,,
623,2,2.863194444,b,0.5,36.81527264,-121.76694,,
623,2,3.916666667,b,0.5,36.81521619,-121.7662333,,
623,2,5.042361111,b,0.5,36.81130054,-121.7811191,,
623,2,5.878472222,b,0.5,36.81613457,-121.7660763,,
623,2,6.789583333,b,0.5,36.81005251,-121.7881635,,
623,2,6.798611111,b,0.5,36.81084232,-121.7885405,,
623,2,7.808333333,b,0.5,36.81065833,-121.7878777,,
623,2,7.970833333,b,0.5,36.812207,-121.782015,,
623,2,10.88194444,b,0.5,36.812027,-121.787246,,
623,2,15.90416667,b,0.5,36.83492723,-121.7391732,,
623,2,18.97569444,b,0.5,36.81057812,-121.7879285,,
623,2,19.89513889,b,0.5,36.81057811,-121.7842032,,
653,1,0,b,0.5,36.822723,-121.745117,,
653,1,1.104166667,b,0.5,36.812828,-121.760785,,
653,1,2.0625,b,0.5,36.813625,-121.743405,,
653,1,3.041666667,b,0.5,36.812119,-121.761627,,
653,1,3.916666667,b,0.5,36.813673,-121.745559,,
653,1,6.083333333,b,0.5,36.811903,-121.762826,,
653,1,8,b,0.5,36.814407,-121.765563,,
653,1,11.91666667,b,0.5,36.823754,-121.74511,,
653,1,12.91666667,b,0.5,36.809886,-121.784304,,
657,1,0,b,0.5,36.82174415,-121.7458095,,
657,1,0.947222222,b,0.5,36.80034151,-121.795038,,
657,1,1.872222222,b,0.5,36.832853,-121.741185,,
657,1,3.090972222,b,0.5,36.81459752,-121.7496921,,
657,1,4.035416667,r,1,36.812003,-121.748527,,
657,1,5.045833333,b,2,36.806041,-121.785182,,
657,1,6.014583333,b,0.5,36.80502931,-121.786363,,
657,1,8.190972222,r,2,36.805718,-121.785732,,
657,1,9.054166667,b,0.5,36.80464002,-121.7862053,,
657,1,12.01388889,b,0.5,36.8045223,-121.7858136,,
657,1,15.13402778,b,0.5,36.81279055,-121.779522,,
671,1,0,b,0.5,36.82199715,-121.7455455,,
671,1,0.980555556,b,0.5,36.80994827,-121.7871831,,
671,1,1.979166667,b,0.5,36.80730003,-121.786129,,
671,1,2.940277778,b,0.5,36.80536941,-121.785928,,
671,1,3.984722222,b,0.5,36.8060545,-121.7859644,,
671,1,5.036805556,b,0.5,36.8072711,-121.7855643,,
671,1,5.998611111,b,0.5,36.80703586,-121.7857591,,
671,1,7.061111111,b,0.5,36.80714512,-121.7858161,,
671,1,8.965277778,b,0.5,36.80709642,-121.7857602,,
671,1,10.94722222,r,1,36.80382124,-121.7836085,,
671,1,12.08194444,b,0.5,36.80700826,-121.7858912,,
671,1,17.98541667,b,0.5,36.80728898,-121.7921862,,
673,1,0,b,0.5,36.82073699,-121.745279,,
673,1,1.060416667,r,1,36.85871538,-121.7581928,,
673,1,2.083333333,b,,36.81956089,-121.7626538,,
673,2,0,b,0.5,36.82002906,-121.7453549,,
673,2,1.14375,b,0.5,36.83950916,-121.7429438,,
673,2,2.022222222,b,0.5,36.84112725,-121.7527712,,
673,2,2.143055556,b,0.5,36.83843829,-121.7421899,,
673,2,2.940277778,b,0.5,36.81476891,-121.7694724,,
673,2,2.976388889,b,0.5,36.81244979,-121.7679763,,
673,2,4.971527778,b,0.5,36.92301031,-121.863886,,
673,2,5.041666667,b,0.5,36.94251297,-121.8766862,,
673,2,5.9375,r,1,36.9701395,-121.913009,,
673,2,6.0125,b,0.5,36.97029693,-121.9137489,,
673,2,6.878472222,b,0.5,36.968394,-121.907775,,
673,2,7.038194444,b,0.5,36.97058218,-121.9140843,,
673,2,8.032638889,b,0.5,36.97562063,-121.9257023,,
673,2,8.084027778,b,0.5,36.97076898,-121.9143001,,
673,2,10.89444444,r,1,36.96940623,-121.911692,,
673,2,11.03541667,b,0.5,36.97131598,-121.9142841,,
673,2,11.88194444,b,0.5,36.97040041,-121.9130333,,
673,2,11.92430556,b,0.5,36.97081156,-121.9127977,,
673,2,12.89583333,b,0.5,36.9707697,-121.9165136,,
673,3,0,b,0.5,36.82168103,-121.7450718,,
673,3,0.090972222,v,0.5,36.81442141,-121.7683669,,
673,3,0.122222222,b,0.5,36.81372007,-121.7688761,,
673,3,0.911111111,r,4,36.81813892,-121.7444045,,
673,3,1.135416667,b,0.5,36.82368474,-121.7453398,,
673,3,2.848611111,b,1,36.96784491,-121.9042518,,
673,3,2.917361111,b,,36.96215449,-121.8976772,,
673,3,4.258333333,r,2,36.96157745,-121.9080313,,
673,3,4.947916667,b,0.5,36.96168007,-121.8962344,,
673,3,5.026388889,b,0.5,36.95312859,-121.8857706,,
673,3,5.964583333,b,0.5,36.94446383,-121.8735187,,
673,3,8.000694444,b,0.5,36.95653685,-121.89078,,
673,3,10.04027778,b,0.5,36.96926472,-121.910272,,
673,3,11.95416667,b,0.5,36.96301199,-121.8974506,,
673,3,15.11041667,r,2,36.969016,-121.915872,,
673,3,16.01527778,b,0.5,36.96737154,-121.903941,,
673,3,20.01527778,b,0.5,36.96931243,-121.9092571,,
685,1,0,b,0.5,36.82270491,-121.7458677,,
685,1,0.938888889,b,0.5,36.81562635,-121.7684456,,
685,1,1.973611111,b,0.5,36.81428113,-121.7704333,,
685,1,3.104861111,b,0.5,36.81594,-121.798459,,
685,1,4.095138889,b,0.5,36.8637,-121.8968,,
685,1,4.974305556,b,0.5,36.93774115,-121.8805092,,
685,1,5.099305556,b,0.5,36.93412896,-121.9061358,,
685,1,5.990972222,b,0.5,36.96366776,-121.9456808,,
685,1,7.164583333,a,1,36.893502,-121.947975,,
685,1,7.913888889,b,0.5,36.94377746,-121.882845,,
685,1,9.026388889,b,0.5,36.94396938,-121.889509,,
685,1,13.05972222,b,0.5,36.92307799,-121.8806621,,
687,1,0,b,0.5,36.82207721,-121.7456525,,
687,1,0.990821759,b,0.5,36.81746744,-121.7669336,,
687,1,2.046111111,b,0.5,36.81538799,-121.7772336,,
687,1,3.103391204,b,0.5,36.81436799,-121.7524733,,
687,1,3.142939815,b,0.5,36.81305741,-121.7687704,,
687,1,4.018773148,b,0.5,36.81558033,-121.7452528,,
687,1,5.025416667,b,0.5,36.81054524,-121.7847371,,
687,1,7.073483796,b,0.5,36.82418538,-121.7397967,,
687,1,9.077453704,b,0.5,36.84095857,-121.7454571,,
687,1,10.00623843,b,0.5,36.81231409,-121.7816243,Y,Release 2
687,2,0,b,0.5,36.82356485,-121.7454254,,
687,2,1.112222222,b,0.5,36.81317733,-121.7451688,,
687,2,1.128229167,b,0.5,36.81568125,-121.7457661,,
687,2,2.026435185,b,0.5,36.81325673,-121.745619,,
687,2,3.031284722,b,0.5,36.81239987,-121.7432064,,
687,2,4.113252315,r,2,36.81751768,-121.7432104,,
687,2,4.926481481,b,0.5,36.83043562,-121.7424653,,
687,3,0,b,0.5,36.82049258,-121.745731,,
687,3,1.019178241,b,0.5,36.84053625,-121.7466389,,
687,3,1.089143519,b,0.5,36.82711457,-121.7455072,,
687,3,2.049606481,b,0.5,36.82879385,-121.7438297,,
687,3,3.024050926,b,0.5,36.81889349,-121.7446669,,
687,3,4.050694444,b,0.5,36.81061238,-121.7430751,,
687,3,6.051064815,b,0.5,36.81385515,-121.7456151,,
687,3,6.121493056,b,0.5,36.81313353,-121.7595583,,
687,4,0,b,0.5,36.81318982,-121.7638916,,
687,4,0.949675926,b,0.5,36.82104346,-121.7453295,,
687,4,1.130277778,b,0.5,36.81111193,-121.7883447,,
687,4,1.933946759,b,0.5,36.81071117,-121.7881398,,
687,4,3.883032407,b,0.5,36.81110206,-121.7886995,,
687,4,3.992395833,b,0.5,36.81014517,-121.7877873,,
687,4,4.97400463,b,0.5,36.81099643,-121.7872142,,
687,4,5.107418981,b,0.5,36.82391368,-121.8022972,,
687,4,5.118344907,b,0.5,36.82807343,-121.8052237,,
687,4,6.014282407,r,1,36.886172,-121.841742,,
687,4,6.932337963,b,0.5,36.81037809,-121.7881613,,
687,4,7.054594907,r,1,36.83600041,-121.8078986,,
687,4,8.045196759,b,0.5,36.8150999,-121.7458682,,
687,4,9.021701389,b,0.5,36.8247018,-121.805192,,
687,4,10.91497685,b,0.5,36.8108489,-121.7884879,,
687,4,10.96150463,b,0.5,36.81054679,-121.7872852,,
687,4,11.00637731,b,0.5,36.81032661,-121.7876953,,
687,4,14.01775463,b,0.5,36.81110548,-121.7874457,,
687,4,14.10613426,b,0.5,36.81035409,-121.7881128,,
687,4,19.05247685,b,0.5,36.81053647,-121.7873607,,
687,4,21.0103125,b,0.5,36.81038491,-121.7881216,,
716,1,0,b,0.5,36.81484566,-121.7528034,,
716,1,1.0490625,b,1,36.81033861,-121.7876619,,
716,1,2.036550926,b,0.5,36.7881562,-121.7339335,,
716,1,3.009212963,b,0.5,36.85972714,-121.7542507,,
716,1,3.056388889,b,0.5,36.85623077,-121.7518006,,
716,2,0,b,0.5,36.76222105,-121.7895926,,
716,2,0.993043981,b,0.5,36.81495734,-121.7679448,,
716,2,1.95625,b,0.5,36.81463431,-121.7633735,,
716,2,3.992534722,b,0.5,36.80553634,-121.7882893,,
716,2,5.039907407,b,0.5,36.81545296,-121.7679284,,
716,2,5.987326389,b,0.5,36.81438763,-121.7534572,,
716,2,6.978773148,r,3,36.81126804,-121.7420066,,
716,2,7.086550926,b,0.5,36.81160543,-121.7821081,,
716,2,7.973912037,b,0.5,36.80971824,-121.7860013,,
716,2,8.01349537,b,0.5,36.81009408,-121.785026,,
716,2,8.969236111,b,0.5,36.81092257,-121.7872246,,
716,2,10.02371528,b,0.5,36.80603792,-121.7891917,,
716,2,10.04631944,b,0.5,36.80495186,-121.7890642,,
716,2,10.98813657,r,2,36.80640054,-121.7881497,,
716,2,12.02965278,b,0.5,36.8053373,-121.7895859,,
716,2,12.97576389,b,0.5,36.80330264,-121.7896731,,
716,3,0,b,0.5,36.63135087,-121.921949,,
716,3,0.013888889,b,0.5,36.62850691,-121.9164602,,
716,3,0.997395833,b,0.5,36.65119918,-121.8636197,,
716,3,2.112847222,r,2,36.57923143,-121.9806204,,
716,3,2.144594907,b,0.5,36.58405029,-121.9790956,,
716,3,3.124305556,r,2,36.62424295,-121.9457494,,
716,3,3.17125,r,1,36.62297626,-121.9452769,,
716,3,4.030555556,b,2,36.63989052,-121.920396,,
716,3,4.086805556,r,1,36.64026189,-121.9397479,,
716,3,4.180300926,b,0.5,36.62583472,-121.9415694,,
716,3,5.175694444,r,2,36.63871106,-121.9386533,,
716,3,7.038900463,r,2,36.55847286,-121.9526993,,
716,3,8.116064815,,3,36.41647935,-121.9235051,,
716,3,8.176215278,b,0.5,36.41869045,-121.9162434,,
716,3,8.915277778,r,3,36.398331,-121.9194205,,
716,3,10.025,b,0.5,36.428939,-121.91961,,
716,3,11.11458333,r,2,36.49989949,-121.9415454,,
716,3,11.92292824,b,0.5,36.42123071,-121.9186854,,
716,3,12.96854167,b,0.5,36.40007776,-121.9144357,,
716,3,14.03055556,r,2,36.39719038,-121.9070423,,
716,3,18.00578704,r,0.5,36.52400353,-121.9268783,,
716,3,18.89209491,b,0.5,36.52601641,-121.926136,,
716,3,21.0109838,b,0.5,36.52652917,-121.9301839,,
716,3,23.05208333,r,2,36.5246913,-121.9366287,,
716,3,24.91365741,b,0.5,36.5274592,-121.9269865,,
716,3,25.08958333,r,3,36.50880616,-121.9484778,,
716,3,29.13340278,r,2,36.52503189,-121.929536,,
716,3,30.18038194,r,3,36.52731533,-121.9352968,,
716,3,36.99465278,b,0.5,36.62205072,-121.9020599,,
716,3,37.17291667,r,2,36.63620069,-121.940367,,
716,3,40.0118287,r,2,36.60250035,-121.8867745,,
716,3,42.08333333,b,0.5,36.60551166,-121.8707881,,
716,3,45.93704861,b,0.5,36.60237507,-121.8808705,,
716,3,48.17561343,b,0.5,36.60585617,-121.8896785,,
716,3,48.91827546,b,0.5,36.60501329,-121.8868132,,
716,3,51.10152778,r,2,36.60202182,-121.8826393,,
716,3,51.10833333,b,0.5,36.60380868,-121.8765747,,
723,1,0,b,0.5,36.62230765,-121.904084,,
723,1,0.864953704,b,0.5,36.61010527,-121.8905639,,
723,1,1.93912037,b,0.5,36.63726009,-121.9368653,,
723,1,2.929849537,b,0.5,36.59177043,-121.9678444,,
723,1,3.059872685,b,0.5,36.58359406,-121.96876,,
723,1,3.130023148,b,0.5,36.57488149,-121.9778616,,
723,1,3.936666667,b,0.5,36.63692883,-121.9368171,,
723,1,4.075555556,b,0.5,36.62732364,-121.9420986,,
723,1,5.867222222,b,0.5,36.608827,-121.891446,,
723,1,6.936666667,b,0.5,36.63770502,-121.9356828,,
723,1,7.060277778,b,0.5,36.64020744,-121.9266039,,
723,1,8.878090278,b,0.5,36.62201851,-121.9061372,,
723,1,9.849305556,r,3,36.60761395,-121.8900811,,
723,1,10.03094907,b,0.5,36.60864772,-121.8905546,,
723,1,10.93666667,b,0.5,36.60161717,-121.8868773,,
723,1,11.8102662,b,0.5,36.63081928,-121.9202004,,
723,1,12.96791667,b,0.5,36.62539508,-121.9405271,,
723,1,14.0215162,b,0.5,36.6269853,-121.9152449,,
723,1,14.09986111,b,0.5,36.62300487,-121.9100636,,
723,1,14.93068287,b,0.5,36.62751113,-121.9183926,,
723,1,15.87310185,b,0.5,36.60862591,-121.8926877,,
723,1,16.9356713,b,0.5,36.61062416,-121.8923226,,
723,1,17.83888889,b,0.5,36.61046314,-121.8937267,,
723,1,18.84590278,b,0.5,36.62869068,-121.9191199,,
723,1,19.84126157,b,0.5,36.62844212,-121.9171468,,
723,1,20.02336806,b,0.5,36.62708167,-121.9176708,,
723,1,20.03126157,b,0.5,36.62689305,-121.9176059,,
723,1,20.96996528,b,0.5,36.62891462,-121.9183054,,
723,1,22.02505787,b,0.5,36.62715164,-121.9178199,,
723,1,22.05644676,b,0.5,36.62756627,-121.91879,,
723,1,22.98390046,r,2,36.60877163,-121.8895155,,
723,1,24.93325231,r,1,36.61408951,-121.9541116,,
723,1,25.11097222,b,0.5,36.62710341,-121.9415711,,
723,1,25.91006944,r,2,36.61369992,-121.9530594,,
723,1,26.96547454,b,0.5,36.62815608,-121.9189574,,
723,1,27.0627662,b,0.5,36.62780353,-121.9188389,,
723,1,28.18280093,b,0.5,36.62639455,-121.9152168,,
774,1,0,b,0.5,36.621642,-121.9452461,,
774,1,0.260925926,a,1,36.63673,-121.9426,,
774,1,0.990092593,a,1,36.79742,-121.81248,,
774,1,1.101203704,r,2,36.83702397,-121.806524,,
774,1,1.146342593,r,2,36.88659214,-121.8389324,,
774,1,1.844259259,a,1,36.94004,-122.04953,,
774,1,2.906759259,a,1,36.87075,-121.8344333,,
774,1,2.975185185,b,0.5,36.83076261,-121.8147834,,
774,1,3.865092593,a,1,36.87706667,-121.8324,,
774,1,5.073576389,r,3,36.88396514,-121.836705,,
774,1,5.094259259,r,2,36.8780109,-121.8346725,,
774,1,5.823425926,a,1,36.957091,-122.016839,,
774,1,6.018981481,b,0.5,36.95667722,-122.0178507,,
774,1,7.115092593,b,0.5,36.95894581,-122.020762,,
774,1,8.170648148,r,2,36.951721,-122.023673,,
774,1,9.029571759,b,0.5,36.95920861,-122.0225627,,
774,1,12.01564815,b,0.5,36.95822027,-122.0190578,,
774,1,14.13592593,b,0.5,36.93808628,-122.0371711,,
774,1,19.15675926,r,1,36.958754,-122.018281,,
774,1,29.94842593,r,1,36.958956,-122.018326,,
808,1,0,b,0.5,36.56655512,-121.9456199,,
808,1,0.059780093,r,3,36.55703008,-121.9351628,,
808,1,0.181527778,r,3,36.56276041,-121.9668111,,
808,1,0.290300926,a,1,36.559764,-121.950703,,
808,1,0.811134259,a,1,36.55474,-121.94405,,
808,1,1.029884259,r,2,36.57919178,-121.9792669,,
808,1,1.988368056,b,0.5,36.59201905,-121.9665512,,
808,1,2.886064815,b,0.5,36.58846433,-121.9694801,,
808,1,2.934560185,b,0.5,36.59069195,-121.9668774,,
808,1,3.040543981,r,3,36.58959682,-121.9667556,,
808,1,3.102291667,b,0.5,36.58865163,-121.9670036,,
808,1,3.889328704,b,0.5,36.59043067,-121.968582,,
808,1,3.968078704,b,0.5,36.59073607,-121.9697274,,
808,1,4.003217593,b,0.5,36.59232473,-121.9674555,,
808,1,4.950069444,,0.5,36.59371862,-121.9667048,,
808,1,4.990520833,b,1,36.58876772,-121.9694673,,
808,1,5.911516204,b,1,36.55306501,-121.9499602,,
808,1,5.942766204,b,1,36.55559684,-121.9501972,,
808,1,6.149710648,r,1,36.61406119,-121.954863,,
808,1,6.910324074,b,0.5,36.58540665,-121.9691823,,
808,1,7.073101852,r,2,36.59368877,-121.968702,,
808,1,8.043599537,r,3,36.5450084,-121.9485245,,
808,1,8.862928241,b,0.5,36.59195844,-121.9668742,,
808,1,9.034456019,r,1,36.59148925,-121.9670989,,
808,1,9.901516204,r,3,36.58357926,-121.9776057,,
808,1,11.00763889,b,0.5,36.5623567,-121.9438013,,
808,1,11.9125463,b,0.5,36.56273629,-121.9442393,,
808,1,11.9430787,b,0.5,36.56256186,-121.9445605,,
808,1,13.04430556,b,0.5,36.56202597,-121.9437383,,
808,1,13.90851852,r,1,36.56454166,-121.9430964,,
808,1,14.93149306,b,1,36.57036902,-121.9758043,,
808,1,15.92003472,r,3,36.55967644,-121.9472594,,
808,1,16.96480324,r,1,36.5640359,-121.9472354,,
808,1,18.04030093,a,1,36.560396,-121.94462,,
808,1,18.97574074,b,0.5,36.56327938,-121.9444131,,
808,1,20.05305556,b,0.5,36.56505339,-121.9474724,,
808,1,20.98084491,b,0.5,36.56419083,-121.9442916,,
808,1,21.94081019,b,0.5,36.56451014,-121.9453354,,
808,1,26.13290509,b,0.5,36.56314958,-121.9446365,,
809,1,0,b,0.5,36.5660647,-121.9429217,,
809,1,0.152881944,b,0.5,36.56617792,-121.9429598,,
809,1,0.282453704,a,1,36.562996,-121.945056,,
809,1,0.803287037,a,1,36.56099,-121.950513,,
809,1,0.959537037,r,1,36.57595754,-121.9775061,,
809,1,1.94912037,b,0.5,36.64890499,-121.9390231,,
809,1,2.088009259,b,0.5,36.62865756,-121.9193193,,
809,1,2.926712963,b,0.5,36.68621185,-121.8238117,,
809,1,4.037974537,b,0.5,36.7242772,-121.808095,,
809,1,4.055173611,b,0.5,36.73365955,-121.8056284,,
809,1,4.844953704,r,3,36.864661,-121.832555,,
809,1,5.240787037,r,3,36.888058,-121.845902,,
809,1,5.935231481,b,0.5,36.9698802,-121.9055812,,
809,1,6.049814815,v,0.5,36.97948936,-121.9399933,,
809,1,14.04106481,r,2,37.1154728,-122.3108149,,
809,1,18.01856481,a,1,37.114903,-122.310183,,
809,1,37.99078704,a,1,37.11298,-122.31922,,
